,_415,_445,_480,_515,_clear_1,_nir_1,_555,_590,_630,_680,_clear_2,_nir_2,flicker,timestamp,epoch
0,477.0,813.0,1183.0,1600.0,6280.0,1558.0,2742.0,2785.0,3583.0,2840.0,6303.0,1566.0,1.0,84422989.0,1666293506.4069288
1,477.0,815.0,1184.0,1601.0,6315.0,1570.0,2744.0,2788.0,3586.0,2844.0,6313.0,1571.0,1.0,84428091.0,1666293511.647919
2,477.0,814.0,1186.0,1602.0,6313.0,1572.0,2746.0,2789.0,3587.0,2845.0,6317.0,1572.0,1.0,84433009.0,1666293516.4119213
3,477.0,815.0,1187.0,1602.0,6318.0,1574.0,2747.0,2789.0,3588.0,2844.0,6316.0,1574.0,1.0,84438091.0,1666293521.4229198
4,478.0,814.0,1185.0,1602.0,6319.0,1574.0,2746.0,2788.0,3588.0,2846.0,6303.0,1564.0,1.0,84442989.0,1666293526.4029195
5,478.0,815.0,1185.0,1602.0,6301.0,1562.0,2740.0,2784.0,3581.0,2840.0,6278.0,1552.0,1.0,84448112.0,1666293531.427924
6,477.0,816.0,1187.0,1603.0,6305.0,1564.0,2747.0,2790.0,3592.0,2848.0,6309.0,1566.0,1.0,84452989.0,1666293536.4189205
7,479.0,817.0,1188.0,1609.0,6308.0,1570.0,2757.0,2800.0,3603.0,2860.0,6314.0,1570.0,1.0,84458091.0,1666293541.4993427
8,479.0,816.0,1190.0,1608.0,6314.0,1568.0,2748.0,2793.0,3592.0,2849.0,6317.0,1570.0,1.0,84463009.0,1666293546.4958053
9,477.0,815.0,1187.0,1605.0,6319.0,1570.0,2745.0,2788.0,3588.0,2847.0,6305.0,1563.0,1.0,84468091.0,1666293551.4244564
10,479.0,818.0,1190.0,1608.0,6313.0,1568.0,2756.0,2800.0,3604.0,2858.0,6317.0,1568.0,1.0,84472989.0,1666293556.7050734
11,477.0,817.0,1187.0,1607.0,6323.0,1574.0,2751.0,2795.0,3596.0,2853.0,6327.0,1573.0,1.0,84478111.0,1666293561.443774
12,479.0,818.0,1189.0,1608.0,6335.0,1576.0,2752.0,2795.0,3596.0,2855.0,6333.0,1578.0,1.0,84482989.0,1666293566.4396896
13,479.0,817.0,1191.0,1609.0,6335.0,1576.0,2743.0,2789.0,3588.0,2853.0,6289.0,1558.0,1.0,84488091.0,1666293571.4229724
14,475.0,810.0,1182.0,1600.0,6278.0,1556.0,2728.0,2774.0,3576.0,2852.0,6311.0,1568.0,1.0,84493010.0,1666293576.4451764
15,467.0,787.0,1157.0,1573.0,6193.0,1552.0,2509.0,2580.0,3280.0,2706.0,5972.0,1536.0,1.0,84498091.0,1666293581.445941
16,475.0,802.0,1169.0,1582.0,6271.0,1573.0,2710.0,2754.0,3538.0,2817.0,6271.0,1573.0,1.0,84502989.0,1666293586.4199371
17,473.0,802.0,1169.0,1581.0,6273.0,1574.0,2724.0,2766.0,3550.0,2823.0,6281.0,1574.0,1.0,84508111.0,1666293591.4453526
18,476.0,804.0,1173.0,1586.0,6257.0,1560.0,2724.0,2768.0,3553.0,2826.0,6262.0,1561.0,1.0,84512989.0,1666293596.4404662
19,476.0,805.0,1174.0,1588.0,6261.0,1564.0,2718.0,2762.0,3542.0,2818.0,6235.0,1556.0,1.0,84518091.0,1666293601.747761
20,474.0,803.0,1171.0,1585.0,6251.0,1562.0,2727.0,2772.0,3555.0,2825.0,6276.0,1570.0,1.0,84523009.0,1666293606.5235214
21,476.0,804.0,1173.0,1588.0,6284.0,1574.0,2732.0,2777.0,3560.0,2832.0,6287.0,1576.0,1.0,84528091.0,1666293611.8121612
22,476.0,806.0,1174.0,1590.0,6276.0,1570.0,2729.0,2774.0,3560.0,2830.0,6288.0,1578.0,1.0,84532989.0,1666293616.4320765
23,476.0,805.0,1175.0,1590.0,6297.0,1580.0,2735.0,2778.0,3564.0,2836.0,6300.0,1582.0,1.0,84538112.0,1666293621.462011
24,478.0,806.0,1176.0,1591.0,6300.0,1582.0,2735.0,2778.0,3565.0,2836.0,6308.0,1584.0,1.0,84542989.0,1666293626.4516985
25,478.0,806.0,1177.0,1592.0,6314.0,1588.0,2745.0,2788.0,3578.0,2848.0,6313.0,1586.0,1.0,84548091.0,1666293631.4376416
26,474.0,800.0,1166.0,1580.0,6248.0,1548.0,2711.0,2758.0,3540.0,2818.0,6247.0,1549.0,1.0,84553009.0,1666293636.4620318
27,476.0,804.0,1173.0,1586.0,6271.0,1552.0,2726.0,2772.0,3558.0,2829.0,6274.0,1552.0,1.0,84558091.0,1666293641.4574172
28,479.0,811.0,1181.0,1598.0,6324.0,1586.0,2742.0,2788.0,3578.0,2848.0,6320.0,1588.0,1.0,84562989.0,1666293646.7774017
29,479.0,811.0,1181.0,1599.0,6328.0,1590.0,2743.0,2790.0,3580.0,2850.0,6332.0,1590.0,1.0,84568111.0,1666293651.4630923
30,477.0,806.0,1176.0,1593.0,6277.0,1568.0,2735.0,2782.0,3568.0,2841.0,6290.0,1570.0,1.0,84572989.0,1666293656.4723756
31,479.0,808.0,1180.0,1597.0,6331.0,1588.0,2746.0,2788.0,3580.0,2851.0,6334.0,1590.0,1.0,84578091.0,1666293661.4528008
32,478.0,809.0,1180.0,1597.0,6312.0,1578.0,2726.0,2775.0,3560.0,2842.0,6278.0,1569.0,1.0,84583010.0,1666293666.478814
33,477.0,806.0,1177.0,1592.0,6282.0,1556.0,2732.0,2781.0,3569.0,2841.0,6279.0,1556.0,1.0,84588091.0,1666293671.4752266
34,477.0,804.0,1175.0,1589.0,6284.0,1556.0,2731.0,2780.0,3568.0,2840.0,6294.0,1558.0,1.0,84592989.0,1666293676.5471616
35,480.0,810.0,1182.0,1599.0,6325.0,1586.0,2747.0,2795.0,3586.0,2857.0,6324.0,1584.0,1.0,84598111.0,1666293681.4790447
36,478.0,808.0,1179.0,1597.0,6291.0,1570.0,2719.0,2763.0,3548.0,2830.0,6241.0,1563.0,1.0,84602989.0,1666293686.473442
37,477.0,804.0,1174.0,1590.0,6286.0,1554.0,2722.0,2772.0,3561.0,2843.0,6279.0,1552.0,1.0,84608091.0,1666293691.8075383
38,477.0,806.0,1176.0,1593.0,6311.0,1558.0,2729.0,2783.0,3572.0,2848.0,6320.0,1564.0,1.0,84613009.0,1666293696.4746394
39,476.0,803.0,1174.0,1590.0,6284.0,1550.0,2729.0,2785.0,3571.0,2849.0,6299.0,1554.0,1.0,84618091.0,1666293701.490288
40,478.0,807.0,1177.0,1593.0,6289.0,1560.0,2731.0,2786.0,3572.0,2848.0,6284.0,1557.0,1.0,84622989.0,1666293706.4861543
41,476.0,805.0,1173.0,1589.0,6288.0,1556.0,2729.0,2784.0,3571.0,2844.0,6296.0,1558.0,1.0,84628112.0,1666293711.4943306
42,477.0,806.0,1175.0,1592.0,6303.0,1558.0,2734.0,2787.0,3575.0,2850.0,6305.0,1562.0,1.0,84632989.0,1666293716.4915771
43,479.0,809.0,1181.0,1600.0,6309.0,1572.0,2800.0,2851.0,3661.0,2932.0,6548.0,1644.0,1.0,84638091.0,1666293721.469599
44,484.0,818.0,1195.0,1618.0,6422.0,1624.0,2775.0,2826.0,3624.0,2897.0,6436.0,1624.0,1.0,84643009.0,1666293726.4918528
45,485.0,819.0,1197.0,1621.0,6446.0,1628.0,2778.0,2827.0,3629.0,2900.0,6446.0,1628.0,1.0,84648091.0,1666293731.49085
46,485.0,820.0,1198.0,1622.0,6446.0,1628.0,2775.0,2827.0,3629.0,2900.0,6448.0,1628.0,1.0,84652989.0,1666293736.8588128
47,485.0,820.0,1199.0,1622.0,6453.0,1630.0,2780.0,2829.0,3634.0,2905.0,6455.0,1628.0,1.0,84658111.0,1666293741.6153183
48,486.0,820.0,1198.0,1624.0,6456.0,1630.0,2777.0,2827.0,3630.0,2900.0,6450.0,1625.0,1.0,84662989.0,1666293746.5069404
49,484.0,818.0,1194.0,1619.0,6413.0,1608.0,2781.0,2831.0,3635.0,2905.0,6469.0,1635.0,1.0,84668091.0,1666293751.4866703
50,486.0,821.0,1202.0,1625.0,6473.0,1640.0,2781.0,2830.0,3635.0,2906.0,6473.0,1638.0,1.0,84673009.0,1666293756.4977107
51,486.0,821.0,1200.0,1626.0,6473.0,1638.0,2781.0,2831.0,3636.0,2907.0,6475.0,1640.0,1.0,84678091.0,1666293761.5068793
52,486.0,821.0,1200.0,1626.0,6476.0,1640.0,2783.0,2831.0,3640.0,2907.0,6477.0,1640.0,1.0,84682989.0,1666293766.4836133
53,486.0,821.0,1201.0,1626.0,6480.0,1640.0,2785.0,2835.0,3642.0,2911.0,6485.0,1642.0,1.0,84688111.0,1666293771.5141213
54,487.0,823.0,1202.0,1627.0,6482.0,1640.0,2785.0,2833.0,3641.0,2910.0,6480.0,1642.0,1.0,84692989.0,1666293776.507094
55,486.0,821.0,1202.0,1627.0,6483.0,1642.0,2784.0,2835.0,3642.0,2911.0,6484.0,1642.0,1.0,84698091.0,1666293781.9879696
56,487.0,822.0,1202.0,1628.0,6489.0,1642.0,2788.0,2835.0,3644.0,2913.0,6490.0,1644.0,1.0,84703009.0,1666293786.5089762
57,487.0,823.0,1202.0,1628.0,6491.0,1644.0,2788.0,2838.0,3646.0,2918.0,6496.0,1644.0,1.0,84708091.0,1666293791.5082479
58,486.0,819.0,1198.0,1624.0,6444.0,1618.0,2778.0,2831.0,3638.0,2910.0,6450.0,1618.0,1.0,84712989.0,1666293796.5042496
59,486.0,821.0,1199.0,1626.0,6449.0,1618.0,2778.0,2834.0,3638.0,2911.0,6447.0,1616.0,1.0,84718112.0,1666293801.5292468
60,486.0,820.0,1197.0,1624.0,6438.0,1614.0,2784.0,2836.0,3643.0,2917.0,6475.0,1630.0,1.0,84722989.0,1666293806.6002476
61,487.0,823.0,1204.0,1630.0,6483.0,1636.0,2788.0,2839.0,3648.0,2920.0,6483.0,1638.0,1.0,84728091.0,1666293811.51797
62,488.0,823.0,1204.0,1631.0,6487.0,1642.0,2790.0,2842.0,3652.0,2924.0,6491.0,1636.0,1.0,84733009.0,1666293816.525042
63,488.0,824.0,1204.0,1633.0,6506.0,1642.0,2791.0,2845.0,3655.0,2927.0,6507.0,1640.0,1.0,84738091.0,1666293821.524728
64,488.0,824.0,1205.0,1635.0,6506.0,1642.0,2790.0,2844.0,3656.0,2928.0,6506.0,1643.0,1.0,84742989.0,1666293826.9578402
65,488.0,824.0,1206.0,1633.0,6512.0,1644.0,2794.0,2848.0,3659.0,2930.0,6514.0,1646.0,1.0,84748111.0,1666293831.5598629
66,489.0,824.0,1206.0,1634.0,6512.0,1646.0,2794.0,2847.0,3659.0,2930.0,6518.0,1644.0,1.0,84752989.0,1666293836.520663
67,489.0,825.0,1206.0,1635.0,6520.0,1650.0,2796.0,2847.0,3659.0,2932.0,6519.0,1650.0,1.0,84758091.0,1666293841.5196168
68,489.0,826.0,1208.0,1636.0,6528.0,1648.0,2797.0,2848.0,3662.0,2935.0,6526.0,1648.0,1.0,84763010.0,1666293846.529934
69,489.0,825.0,1207.0,1637.0,6530.0,1650.0,2799.0,2851.0,3665.0,2939.0,6536.0,1652.0,1.0,84768091.0,1666293851.5412788
70,490.0,826.0,1209.0,1638.0,6538.0,1654.0,2800.0,2854.0,3667.0,2939.0,6526.0,1646.0,1.0,84772989.0,1666293856.5208435
71,489.0,825.0,1207.0,1637.0,6515.0,1640.0,2797.0,2849.0,3662.0,2938.0,6517.0,1640.0,1.0,84778111.0,1666293861.5463629
72,490.0,827.0,1210.0,1640.0,6541.0,1654.0,2799.0,2853.0,3669.0,2940.0,6538.0,1653.0,1.0,84782989.0,1666293866.5412827
73,490.0,826.0,1209.0,1639.0,6537.0,1654.0,2801.0,2853.0,3668.0,2941.0,6537.0,1654.0,1.0,84788091.0,1666293872.6953344
74,491.0,826.0,1209.0,1640.0,6543.0,1654.0,2804.0,2856.0,3673.0,2944.0,6550.0,1658.0,1.0,84793009.0,1666293876.6138332
75,491.0,826.0,1210.0,1640.0,6546.0,1656.0,2801.0,2857.0,3672.0,2944.0,6552.0,1660.0,1.0,84798091.0,1666293881.5425856
76,491.0,827.0,1210.0,1641.0,6551.0,1658.0,2803.0,2857.0,3674.0,2946.0,6548.0,1660.0,1.0,84802989.0,1666293886.5225575
77,491.0,827.0,1211.0,1641.0,6555.0,1660.0,2803.0,2857.0,3675.0,2947.0,6553.0,1660.0,1.0,84808112.0,1666293891.5471148
78,490.0,825.0,1207.0,1636.0,6501.0,1636.0,2804.0,2860.0,3675.0,2947.0,6540.0,1648.0,1.0,84812989.0,1666293896.553356
79,490.0,828.0,1211.0,1642.0,6556.0,1664.0,2811.0,2864.0,3683.0,2955.0,6574.0,1669.0,1.0,84818091.0,1666293901.536416
80,491.0,829.0,1214.0,1646.0,6583.0,1672.0,2814.0,2866.0,3688.0,2956.0,6593.0,1676.0,1.0,84823009.0,1666293906.559242
81,492.0,829.0,1215.0,1648.0,6586.0,1674.0,2814.0,2869.0,3690.0,2961.0,6592.0,1674.0,1.0,84828091.0,1666293911.5584114
82,493.0,830.0,1216.0,1647.0,6591.0,1674.0,2815.0,2869.0,3688.0,2960.0,6591.0,1674.0,1.0,84832989.0,1666293917.0177686
83,492.0,829.0,1215.0,1647.0,6574.0,1674.0,2816.0,2869.0,3690.0,2961.0,6599.0,1682.0,1.0,84838111.0,1666293921.5627346
84,492.0,830.0,1217.0,1649.0,6599.0,1680.0,2817.0,2871.0,3692.0,2964.0,6603.0,1678.0,1.0,84842989.0,1666293926.5590591
85,493.0,831.0,1217.0,1649.0,6598.0,1680.0,2816.0,2872.0,3693.0,2963.0,6599.0,1679.0,1.0,84848091.0,1666293931.5391212
86,493.0,830.0,1218.0,1651.0,6606.0,1680.0,2819.0,2871.0,3694.0,2964.0,6602.0,1680.0,1.0,84853010.0,1666293936.6310794
87,493.0,832.0,1218.0,1651.0,6612.0,1680.0,2814.0,2870.0,3690.0,2965.0,6586.0,1668.0,1.0,84858091.0,1666293941.7413774
88,494.0,832.0,1219.0,1652.0,6617.0,1684.0,2823.0,2876.0,3700.0,2972.0,6623.0,1683.0,1.0,84862989.0,1666293946.5502028
89,494.0,832.0,1220.0,1655.0,6623.0,1684.0,2825.0,2878.0,3704.0,2973.0,6627.0,1685.0,1.0,84868111.0,1666293951.582614
90,495.0,832.0,1221.0,1656.0,6632.0,1688.0,2825.0,2879.0,3705.0,2976.0,6635.0,1688.0,1.0,84872989.0,1666293956.5753582
91,494.0,832.0,1221.0,1655.0,6633.0,1690.0,2825.0,2878.0,3704.0,2976.0,6631.0,1690.0,1.0,84878091.0,1666293962.090194
92,495.0,833.0,1222.0,1655.0,6637.0,1692.0,2829.0,2881.0,3710.0,2980.0,6641.0,1691.0,1.0,84883009.0,1666293966.580397
93,494.0,833.0,1221.0,1655.0,6637.0,1688.0,2819.0,2878.0,3698.0,2972.0,6601.0,1670.0,1.0,84888091.0,1666293971.5749342
94,494.0,832.0,1219.0,1654.0,6604.0,1670.0,2820.0,2878.0,3699.0,2974.0,6607.0,1672.0,1.0,84892989.0,1666293976.5511732
95,502.0,850.0,1245.0,1690.0,7014.0,1770.0,2877.0,2932.0,3780.0,3046.0,7028.0,1773.0,1.0,84898112.0,1666293981.5812814
96,502.0,847.0,1241.0,1683.0,6921.0,1744.0,2867.0,2925.0,3764.0,3036.0,6946.0,1748.0,1.0,84902989.0,1666293986.5866008
97,503.0,848.0,1243.0,1688.0,6955.0,1752.0,2867.0,2927.0,3768.0,3038.0,6961.0,1756.0,1.0,84908091.0,1666293991.5711913
98,504.0,848.0,1244.0,1688.0,6965.0,1756.0,2868.0,2926.0,3768.0,3039.0,6970.0,1756.0,1.0,84913009.0,1666293996.5809875
99,503.0,846.0,1240.0,1683.0,6920.0,1740.0,2867.0,2925.0,3767.0,3038.0,6969.0,1754.0,1.0,84918091.0,1666294001.7838418
100,503.0,848.0,1243.0,1687.0,6956.0,1752.0,2874.0,2935.0,3779.0,3050.0,6985.0,1763.0,1.0,84922989.0,1666294007.7400558
101,504.0,849.0,1245.0,1691.0,6982.0,1760.0,2868.0,2926.0,3768.0,3042.0,6969.0,1759.0,1.0,84928111.0,1666294011.5974643
102,504.0,849.0,1244.0,1690.0,6981.0,1762.0,2869.0,2926.0,3769.0,3044.0,6971.0,1760.0,1.0,84932989.0,1666294016.5925798
103,504.0,848.0,1245.0,1690.0,6978.0,1760.0,2869.0,2927.0,3771.0,3044.0,6980.0,1762.0,1.0,84938091.0,1666294021.573742
104,504.0,848.0,1245.0,1690.0,6981.0,1764.0,2872.0,2931.0,3772.0,3048.0,6985.0,1764.0,1.0,84943010.0,1666294026.5987911
105,504.0,848.0,1246.0,1690.0,6989.0,1764.0,2870.0,2928.0,3773.0,3047.0,6983.0,1766.0,1.0,84948091.0,1666294031.6086395
106,504.0,849.0,1245.0,1692.0,6993.0,1768.0,2874.0,2932.0,3774.0,3048.0,6999.0,1766.0,1.0,84952989.0,1666294036.5886946
107,504.0,849.0,1245.0,1692.0,6997.0,1766.0,2872.0,2931.0,3775.0,3051.0,6999.0,1768.0,1.0,84958111.0,1666294041.5981483
108,504.0,849.0,1246.0,1691.0,7000.0,1770.0,2874.0,2930.0,3778.0,3052.0,6995.0,1768.0,1.0,84962989.0,1666294046.604119
109,504.0,849.0,1245.0,1692.0,6998.0,1770.0,2872.0,2931.0,3775.0,3051.0,7002.0,1770.0,1.0,84968091.0,1666294052.1501496
110,504.0,849.0,1246.0,1692.0,7001.0,1770.0,2872.0,2930.0,3776.0,3051.0,7002.0,1770.0,1.0,84973009.0,1666294056.6133246
111,504.0,849.0,1247.0,1691.0,7006.0,1770.0,2874.0,2933.0,3780.0,3055.0,7004.0,1772.0,1.0,84978091.0,1666294061.610229
112,505.0,849.0,1246.0,1693.0,7005.0,1770.0,2876.0,2933.0,3780.0,3056.0,7008.0,1772.0,1.0,84982989.0,1666294066.6668704
113,505.0,850.0,1247.0,1693.0,7007.0,1770.0,2873.0,2932.0,3778.0,3054.0,7009.0,1772.0,1.0,84988112.0,1666294071.8900237
114,505.0,851.0,1246.0,1692.0,7005.0,1772.0,2874.0,2934.0,3782.0,3059.0,6999.0,1772.0,1.0,84992989.0,1666294076.6099432
115,499.0,838.0,1230.0,1670.0,6797.0,1708.0,2849.0,2911.0,3749.0,3030.0,6870.0,1720.0,1.0,84998091.0,1666294081.6047819
116,500.0,841.0,1232.0,1676.0,6862.0,1718.0,2850.0,2910.0,3749.0,3028.0,6861.0,1717.0,1.0,85003009.0,1666294086.628574
117,501.0,842.0,1235.0,1678.0,6880.0,1726.0,2852.0,2915.0,3755.0,3035.0,6886.0,1726.0,1.0,85008091.0,1666294091.6252842
118,500.0,841.0,1233.0,1676.0,6858.0,1724.0,2848.0,2913.0,3750.0,3031.0,6862.0,1726.0,1.0,85012989.0,1666294097.1857402
119,500.0,843.0,1235.0,1678.0,6894.0,1728.0,2851.0,2913.0,3748.0,3031.0,6825.0,1716.0,1.0,85018111.0,1666294101.6303413
120,502.0,844.0,1237.0,1680.0,6852.0,1722.0,2856.0,2918.0,3754.0,3039.0,6857.0,1722.0,1.0,85022989.0,1666294106.626205
121,502.0,844.0,1237.0,1681.0,6856.0,1722.0,2856.0,2921.0,3756.0,3042.0,6874.0,1725.0,1.0,85028091.0,1666294111.605641
122,504.0,847.0,1242.0,1688.0,6932.0,1740.0,2866.0,2931.0,3772.0,3055.0,6940.0,1744.0,1.0,85033010.0,1666294116.6315622
123,504.0,847.0,1243.0,1690.0,6937.0,1744.0,2870.0,2932.0,3776.0,3058.0,6958.0,1749.0,1.0,85038091.0,1666294121.6258342
124,504.0,849.0,1246.0,1693.0,6948.0,1756.0,2869.0,2932.0,3775.0,3057.0,6953.0,1749.0,1.0,85042989.0,1666294126.621647
125,504.0,847.0,1244.0,1690.0,6946.0,1752.0,2869.0,2933.0,3775.0,3056.0,6950.0,1748.0,1.0,85048111.0,1666294131.8556938
126,505.0,849.0,1244.0,1692.0,6961.0,1754.0,2873.0,2937.0,3780.0,3063.0,6959.0,1757.0,1.0,85052989.0,1666294136.7323434
127,504.0,849.0,1246.0,1694.0,6966.0,1758.0,2874.0,2937.0,3780.0,3064.0,6967.0,1758.0,1.0,85058091.0,1666294142.2270968
128,506.0,851.0,1250.0,1699.0,6975.0,1754.0,2882.0,2946.0,3793.0,3077.0,7016.0,1776.0,1.0,85063009.0,1666294146.647786
129,507.0,852.0,1252.0,1700.0,6997.0,1762.0,2838.0,2900.0,3731.0,3031.0,6862.0,1740.0,1.0,85068091.0,1666294151.6429665
130,504.0,846.0,1243.0,1687.0,6923.0,1748.0,2868.0,2932.0,3773.0,3057.0,6921.0,1750.0,1.0,85072989.0,1666294156.6226885
131,501.0,841.0,1234.0,1678.0,6851.0,1734.0,2845.0,2910.0,3743.0,3031.0,6821.0,1726.0,1.0,85078112.0,1666294161.6481855
132,499.0,839.0,1231.0,1673.0,6816.0,1726.0,2843.0,2908.0,3739.0,3028.0,6806.0,1722.0,1.0,85082989.0,1666294166.6436749
133,501.0,843.0,1237.0,1681.0,6864.0,1734.0,2854.0,2920.0,3758.0,3046.0,6873.0,1733.0,1.0,85088091.0,1666294171.6237273
134,503.0,845.0,1239.0,1685.0,6875.0,1738.0,2861.0,2926.0,3766.0,3054.0,6873.0,1738.0,1.0,85093009.0,1666294176.6488316
135,506.0,850.0,1248.0,1696.0,6964.0,1758.0,2878.0,2941.0,3788.0,3076.0,6965.0,1761.0,1.0,85098091.0,1666294181.6586363
136,506.0,849.0,1249.0,1695.0,6962.0,1760.0,2877.0,2940.0,3786.0,3074.0,6950.0,1756.0,1.0,85102989.0,1666294187.262592
137,507.0,852.0,1250.0,1699.0,7002.0,1774.0,2879.0,2944.0,3792.0,3078.0,6996.0,1772.0,1.0,85108111.0,1666294191.6687856
138,507.0,851.0,1250.0,1700.0,7010.0,1776.0,2883.0,2948.0,3797.0,3084.0,7010.0,1776.0,1.0,85112989.0,1666294196.7661688
139,507.0,853.0,1251.0,1702.0,7009.0,1776.0,2883.0,2947.0,3796.0,3083.0,7030.0,1777.0,1.0,85118091.0,1666294201.9054723
140,496.0,823.0,1216.0,1663.0,6788.0,1740.0,2755.0,2829.0,3654.0,3028.0,6771.0,1735.0,1.0,85123010.0,1666294206.6649063
141,505.0,857.0,1259.0,1714.0,6997.0,1762.0,2887.0,2953.0,3822.0,3108.0,7015.0,1764.0,1.0,85128091.0,1666294211.6600137
142,508.0,861.0,1263.0,1719.0,7027.0,1764.0,2891.0,2956.0,3825.0,3114.0,7023.0,1762.0,1.0,85132989.0,1666294216.6403742
143,508.0,860.0,1261.0,1717.0,7026.0,1764.0,2881.0,2947.0,3799.0,3087.0,6973.0,1757.0,1.0,85138111.0,1666294221.6804552
144,495.0,811.0,1197.0,1642.0,6780.0,1750.0,2901.0,2963.0,3830.0,3103.0,7005.0,1758.0,1.0,85142989.0,1666294226.670805
145,507.0,857.0,1261.0,1710.0,7270.0,1922.0,2916.0,2975.0,3852.0,3122.0,7094.0,1798.0,1.0,85148091.0,1666294232.3043566
146,510.0,864.0,1269.0,1725.0,7105.0,1800.0,2917.0,2977.0,3853.0,3125.0,7109.0,1802.0,1.0,85153009.0,1666294236.6818647
147,511.0,867.0,1272.0,1728.0,7119.0,1808.0,2920.0,2981.0,3857.0,3131.0,7113.0,1810.0,1.0,85158091.0,1666294241.6757236
148,512.0,867.0,1271.0,1729.0,7120.0,1812.0,2923.0,2985.0,3863.0,3135.0,7126.0,1814.0,1.0,85162989.0,1666294246.6576204
149,512.0,867.0,1272.0,1730.0,7133.0,1816.0,2922.0,2983.0,3863.0,3136.0,7129.0,1816.0,1.0,85168112.0,1666294251.6814387
150,512.0,866.0,1272.0,1729.0,7133.0,1816.0,2922.0,2982.0,3862.0,3133.0,7123.0,1812.0,1.0,85172989.0,1666294256.672165
151,513.0,866.0,1271.0,1729.0,7136.0,1816.0,2924.0,2984.0,3864.0,3137.0,7133.0,1817.0,1.0,85178091.0,1666294261.6574528
152,513.0,866.0,1273.0,1731.0,7146.0,1818.0,2925.0,2986.0,3868.0,3138.0,7139.0,1818.0,1.0,85183009.0,1666294266.7595594
153,512.0,867.0,1269.0,1729.0,7122.0,1814.0,2923.0,2983.0,3864.0,3135.0,7126.0,1814.0,1.0,85188091.0,1666294271.6919432
154,511.0,864.0,1268.0,1725.0,7099.0,1802.0,2923.0,2984.0,3866.0,3135.0,7142.0,1818.0,1.0,85192989.0,1666294277.3210394
155,511.0,865.0,1269.0,1725.0,7104.0,1806.0,2919.0,2981.0,3859.0,3132.0,7114.0,1810.0,1.0,85198111.0,1666294281.6818562
156,512.0,865.0,1271.0,1727.0,7123.0,1814.0,2918.0,2982.0,3859.0,3133.0,7116.0,1810.0,1.0,85202989.0,1666294286.687728
157,512.0,869.0,1274.0,1734.0,7173.0,1830.0,2929.0,2991.0,3874.0,3147.0,7174.0,1829.0,1.0,85208091.0,1666294291.6731281
158,512.0,868.0,1274.0,1733.0,7172.0,1826.0,2930.0,2991.0,3873.0,3148.0,7173.0,1830.0,1.0,85213010.0,1666294296.6984987
159,513.0,868.0,1275.0,1734.0,7184.0,1832.0,2927.0,2989.0,3872.0,3145.0,7162.0,1824.0,1.0,85218091.0,1666294301.6932864
160,512.0,866.0,1272.0,1730.0,7138.0,1814.0,2921.0,2985.0,3865.0,3139.0,7127.0,1814.0,1.0,85222989.0,1666294306.6737347
161,513.0,867.0,1273.0,1732.0,7144.0,1818.0,2930.0,2992.0,3876.0,3149.0,7171.0,1828.0,1.0,85228111.0,1666294311.713828
162,514.0,869.0,1275.0,1735.0,7176.0,1830.0,2931.0,2995.0,3879.0,3154.0,7183.0,1832.0,1.0,85232989.0,1666294316.7089388
163,517.0,872.0,1284.0,1745.0,7302.0,1872.0,2954.0,3009.0,3911.0,3168.0,7305.0,1872.0,1.0,85238091.0,1666294322.362992
164,513.0,868.0,1274.0,1733.0,7151.0,1812.0,2894.0,2960.0,3823.0,3111.0,7001.0,1778.0,1.0,85243009.0,1666294326.699415
165,504.0,844.0,1245.0,1698.0,6947.0,1772.0,2810.0,2876.0,3691.0,3024.0,6821.0,1769.0,1.0,85248091.0,1666294332.652699
166,499.0,816.0,1204.0,1650.0,6796.0,1758.0,2778.0,2846.0,3654.0,3008.0,6753.0,1752.0,1.0,85252989.0,1666294336.6858866
167,491.0,801.0,1190.0,1631.0,6772.0,1768.0,2907.0,2973.0,3852.0,3140.0,7082.0,1792.0,1.0,85258112.0,1666294341.7148688
168,511.0,862.0,1264.0,1723.0,7076.0,1792.0,2903.0,2971.0,3845.0,3134.0,7075.0,1791.0,1.0,85262989.0,1666294346.7207942
169,511.0,862.0,1266.0,1723.0,7076.0,1790.0,2906.0,2974.0,3848.0,3137.0,7082.0,1792.0,1.0,85268091.0,1666294351.6896698
170,510.0,861.0,1263.0,1722.0,7072.0,1792.0,2906.0,2973.0,3850.0,3139.0,7084.0,1794.0,1.0,85273009.0,1666294356.715701
171,511.0,864.0,1268.0,1728.0,7102.0,1796.0,2918.0,2985.0,3860.0,3143.0,7078.0,1797.0,1.0,85278091.0,1666294361.7116716
172,512.0,866.0,1272.0,1730.0,7097.0,1800.0,2921.0,2986.0,3864.0,3146.0,7095.0,1803.0,1.0,85282989.0,1666294367.4176714
173,513.0,867.0,1273.0,1731.0,7094.0,1792.0,2926.0,2993.0,3872.0,3154.0,7120.0,1808.0,1.0,85288111.0,1666294371.731261
174,512.0,867.0,1271.0,1731.0,7109.0,1798.0,2922.0,2986.0,3865.0,3150.0,7117.0,1801.0,1.0,85292989.0,1666294376.7267132
175,513.0,868.0,1274.0,1733.0,7117.0,1802.0,2923.0,2989.0,3869.0,3154.0,7123.0,1803.0,1.0,85298091.0,1666294381.7213993
176,513.0,868.0,1274.0,1733.0,7127.0,1802.0,2925.0,2992.0,3869.0,3156.0,7110.0,1805.0,1.0,85303010.0,1666294386.7283695
177,511.0,864.0,1269.0,1727.0,7053.0,1786.0,2922.0,2990.0,3867.0,3153.0,7088.0,1800.0,1.0,85308091.0,1666294391.7274933
178,513.0,869.0,1274.0,1735.0,7107.0,1808.0,2919.0,2988.0,3862.0,3148.0,7078.0,1795.0,1.0,85312989.0,1666294396.9454935
179,512.0,866.0,1269.0,1729.0,7050.0,1788.0,2932.0,2998.0,3880.0,3163.0,7144.0,1818.0,1.0,85318111.0,1666294401.7315865
180,515.0,871.0,1277.0,1739.0,7140.0,1816.0,2933.0,2999.0,3884.0,3167.0,7148.0,1817.0,1.0,85322989.0,1666294406.7239468
181,516.0,872.0,1280.0,1743.0,7154.0,1820.0,2941.0,3007.0,3891.0,3175.0,7179.0,1826.0,1.0,85328091.0,1666294412.450081
182,520.0,877.0,1291.0,1755.0,7362.0,1900.0,2965.0,3020.0,3930.0,3191.0,7350.0,1898.0,1.0,85333009.0,1666294416.7287211
183,519.0,877.0,1290.0,1755.0,7368.0,1904.0,2969.0,3022.0,3939.0,3197.0,7377.0,1902.0,1.0,85338091.0,1666294421.8437724
184,519.0,876.0,1289.0,1754.0,7342.0,1892.0,2937.0,3001.0,3888.0,3168.0,7145.0,1820.0,1.0,85342989.0,1666294426.7239046
185,516.0,871.0,1281.0,1743.0,7168.0,1826.0,2941.0,3004.0,3890.0,3173.0,7163.0,1826.0,1.0,85348112.0,1666294431.7486994
186,516.0,873.0,1284.0,1748.0,7220.0,1844.0,2946.0,3010.0,3898.0,3178.0,7190.0,1832.0,1.0,85352989.0,1666294436.74561
187,518.0,875.0,1286.0,1750.0,7240.0,1848.0,2954.0,3014.0,3909.0,3189.0,7248.0,1852.0,1.0,85358091.0,1666294441.7316036
188,518.0,874.0,1286.0,1750.0,7248.0,1850.0,2951.0,3014.0,3909.0,3187.0,7242.0,1852.0,1.0,85363009.0,1666294446.7501001
189,517.0,876.0,1287.0,1753.0,7249.0,1852.0,2957.0,3018.0,3913.0,3192.0,7255.0,1858.0,1.0,85368091.0,1666294451.743825
190,516.0,873.0,1281.0,1745.0,7185.0,1836.0,2944.0,3009.0,3897.0,3181.0,7193.0,1838.0,1.0,85372989.0,1666294457.6635597
191,516.0,871.0,1282.0,1742.0,7167.0,1830.0,2942.0,3007.0,3895.0,3178.0,7189.0,1838.0,1.0,85378111.0,1666294462.0847192
192,517.0,871.0,1282.0,1744.0,7172.0,1830.0,2942.0,3010.0,3896.0,3179.0,7178.0,1832.0,1.0,85382989.0,1666294467.4329321
193,517.0,874.0,1285.0,1749.0,7226.0,1846.0,2952.0,3018.0,3909.0,3190.0,7223.0,1849.0,1.0,85388091.0,1666294471.7554543
194,518.0,875.0,1287.0,1751.0,7234.0,1848.0,2953.0,3019.0,3910.0,3193.0,7233.0,1848.0,1.0,85393010.0,1666294476.7795877
195,519.0,875.0,1287.0,1752.0,7239.0,1848.0,2964.0,3024.0,3926.0,3200.0,7272.0,1860.0,1.0,85398091.0,1666294481.7602718
196,521.0,878.0,1291.0,1757.0,7274.0,1864.0,2961.0,3025.0,3923.0,3206.0,7291.0,1868.0,1.0,85402989.0,1666294486.7367868
197,520.0,879.0,1291.0,1758.0,7299.0,1870.0,2960.0,3024.0,3922.0,3204.0,7294.0,1872.0,1.0,85408111.0,1666294491.7919052
198,520.0,879.0,1291.0,1761.0,7310.0,1876.0,2963.0,3026.0,3925.0,3208.0,7297.0,1872.0,1.0,85412989.0,1666294496.7606053
199,518.0,877.0,1289.0,1753.0,7271.0,1862.0,2960.0,3023.0,3922.0,3204.0,7291.0,1866.0,1.0,85418091.0,1666294502.518189
200,520.0,879.0,1292.0,1759.0,7314.0,1880.0,2977.0,3032.0,3948.0,3217.0,7409.0,1915.0,1.0,85423009.0,1666294506.7627301
201,519.0,878.0,1290.0,1757.0,7313.0,1872.0,2940.0,3009.0,3895.0,3186.0,7143.0,1821.0,1.0,85428091.0,1666294511.9234748
202,518.0,875.0,1285.0,1751.0,7186.0,1830.0,2957.0,3028.0,3921.0,3208.0,7276.0,1860.0,1.0,85432989.0,1666294516.757458
203,520.0,877.0,1290.0,1756.0,7263.0,1858.0,2943.0,3013.0,3903.0,3194.0,7167.0,1826.0,1.0,85438111.0,1666294521.7827835
204,518.0,875.0,1285.0,1750.0,7196.0,1836.0,2947.0,3018.0,3908.0,3197.0,7193.0,1837.0,1.0,85442989.0,1666294526.9033494
205,518.0,874.0,1285.0,1752.0,7199.0,1838.0,2948.0,3017.0,3909.0,3198.0,7201.0,1838.0,1.0,85448091.0,1666294532.0409229
206,518.0,874.0,1286.0,1751.0,7206.0,1838.0,2950.0,3020.0,3915.0,3203.0,7209.0,1841.0,1.0,85453009.0,1666294536.783758
207,518.0,875.0,1286.0,1750.0,7201.0,1840.0,2949.0,3017.0,3909.0,3197.0,7198.0,1838.0,1.0,85458091.0,1666294541.7781029
208,519.0,875.0,1287.0,1753.0,7210.0,1844.0,2950.0,3021.0,3913.0,3201.0,7208.0,1842.0,1.0,85462989.0,1666294547.5848832
209,518.0,874.0,1285.0,1752.0,7212.0,1842.0,2949.0,3020.0,3913.0,3203.0,7207.0,1839.0,1.0,85468111.0,1666294551.7988808
210,518.0,874.0,1286.0,1752.0,7215.0,1844.0,2951.0,3020.0,3915.0,3204.0,7216.0,1844.0,1.0,85472989.0,1666294556.9002192
211,519.0,876.0,1286.0,1753.0,7227.0,1846.0,2951.0,3022.0,3917.0,3206.0,7225.0,1846.0,1.0,85478091.0,1666294561.7744658
212,520.0,879.0,1293.0,1761.0,7325.0,1878.0,2942.0,3014.0,3905.0,3196.0,7150.0,1831.0,1.0,85483010.0,1666294566.7940633
213,520.0,877.0,1288.0,1756.0,7312.0,1872.0,2961.0,3027.0,3929.0,3215.0,7319.0,1874.0,1.0,85488091.0,1666294571.7941716
214,518.0,874.0,1285.0,1750.0,7226.0,1846.0,2949.0,3021.0,3916.0,3206.0,7239.0,1852.0,1.0,85492989.0,1666294576.7747667
215,520.0,877.0,1290.0,1758.0,7303.0,1866.0,2958.0,3026.0,3927.0,3215.0,7299.0,1864.0,1.0,85498111.0,1666294581.799587
216,520.0,877.0,1290.0,1756.0,7291.0,1866.0,2960.0,3029.0,3929.0,3219.0,7302.0,1866.0,1.0,85502989.0,1666294586.7945185
217,521.0,877.0,1290.0,1757.0,7296.0,1862.0,2954.0,3023.0,3923.0,3212.0,7255.0,1854.0,1.0,85508091.0,1666294593.508494
218,520.0,876.0,1286.0,1754.0,7256.0,1854.0,2954.0,3023.0,3921.0,3212.0,7253.0,1854.0,1.0,85513009.0,1666294596.9495325
219,520.0,876.0,1288.0,1755.0,7266.0,1858.0,2955.0,3027.0,3924.0,3215.0,7261.0,1856.0,1.0,85518091.0,1666294602.0519185
220,521.0,876.0,1287.0,1755.0,7269.0,1856.0,2957.0,3026.0,3926.0,3218.0,7283.0,1860.0,1.0,85522989.0,1666294606.7871509
221,516.0,864.0,1270.0,1735.0,7183.0,1848.0,2922.0,2994.0,3874.0,3183.0,7166.0,1848.0,1.0,85528111.0,1666294611.8008873
222,520.0,874.0,1286.0,1753.0,7257.0,1858.0,2952.0,3025.0,3923.0,3220.0,7271.0,1858.0,1.0,85532989.0,1666294616.8061402
223,520.0,876.0,1289.0,1756.0,7269.0,1858.0,2955.0,3025.0,3924.0,3222.0,7269.0,1857.0,1.0,85538091.0,1666294621.791597
224,520.0,875.0,1288.0,1756.0,7267.0,1856.0,2951.0,3023.0,3923.0,3224.0,7266.0,1859.0,1.0,85543009.0,1666294626.8162835
225,520.0,877.0,1290.0,1758.0,7267.0,1858.0,2955.0,3027.0,3929.0,3224.0,7271.0,1858.0,1.0,85548091.0,1666294631.8120308
226,521.0,877.0,1289.0,1757.0,7273.0,1858.0,2956.0,3027.0,3928.0,3221.0,7278.0,1856.0,1.0,85552989.0,1666294637.6603167
227,518.0,873.0,1283.0,1749.0,7174.0,1832.0,2944.0,3018.0,3910.0,3208.0,7166.0,1827.0,1.0,85558111.0,1666294641.8171062
228,521.0,878.0,1292.0,1760.0,7290.0,1866.0,2962.0,3034.0,3936.0,3229.0,7291.0,1864.0,1.0,85562989.0,1666294647.0278718
229,521.0,878.0,1290.0,1758.0,7249.0,1852.0,2957.0,3030.0,3929.0,3224.0,7249.0,1853.0,1.0,85568091.0,1666294651.8089802
230,519.0,875.0,1286.0,1752.0,7204.0,1842.0,2945.0,3018.0,3912.0,3210.0,7175.0,1833.0,1.0,85573009.0,1666294657.2254913
231,520.0,875.0,1286.0,1754.0,7218.0,1844.0,2954.0,3029.0,3925.0,3222.0,7231.0,1847.0,1.0,85578091.0,1666294662.1814167
232,521.0,877.0,1289.0,1757.0,7229.0,1852.0,2957.0,3029.0,3929.0,3225.0,7240.0,1847.0,1.0,85582989.0,1666294666.8185108
233,520.0,877.0,1287.0,1756.0,7239.0,1850.0,2957.0,3031.0,3928.0,3225.0,7245.0,1850.0,1.0,85588111.0,1666294671.8327162
234,520.0,876.0,1288.0,1757.0,7240.0,1850.0,2958.0,3033.0,3934.0,3232.0,7256.0,1856.0,1.0,85592989.0,1666294676.8294406
235,521.0,876.0,1289.0,1757.0,7245.0,1852.0,2958.0,3028.0,3929.0,3226.0,7248.0,1852.0,1.0,85598091.0,1666294682.6931279
236,520.0,876.0,1287.0,1755.0,7227.0,1846.0,2954.0,3029.0,3926.0,3225.0,7229.0,1847.0,1.0,85603009.0,1666294686.8345962
237,522.0,879.0,1293.0,1762.0,7304.0,1868.0,2964.0,3037.0,3942.0,3238.0,7292.0,1866.0,1.0,85608091.0,1666294692.1649234
238,523.0,880.0,1295.0,1765.0,7312.0,1876.0,2972.0,3043.0,3950.0,3244.0,7320.0,1878.0,1.0,85612989.0,1666294696.8244307
239,522.0,880.0,1294.0,1765.0,7313.0,1878.0,2968.0,3040.0,3944.0,3240.0,7322.0,1878.0,1.0,85618112.0,1666294701.8354306
240,521.0,878.0,1292.0,1762.0,7300.0,1872.0,2968.0,3039.0,3945.0,3241.0,7316.0,1876.0,1.0,85622989.0,1666294706.8404334
241,522.0,878.0,1291.0,1761.0,7307.0,1872.0,2963.0,3038.0,3941.0,3239.0,7301.0,1870.0,1.0,85628091.0,1666294711.8317137
242,522.0,880.0,1293.0,1763.0,7306.0,1874.0,2966.0,3041.0,3948.0,3245.0,7321.0,1878.0,1.0,85633009.0,1666294716.849166
243,523.0,880.0,1294.0,1764.0,7320.0,1880.0,2970.0,3043.0,3948.0,3248.0,7326.0,1877.0,1.0,85638091.0,1666294722.2246718
244,523.0,880.0,1294.0,1765.0,7325.0,1880.0,2970.0,3042.0,3951.0,3249.0,7330.0,1881.0,1.0,85642989.0,1666294728.52472
245,523.0,881.0,1294.0,1765.0,7328.0,1882.0,2970.0,3045.0,3955.0,3252.0,7325.0,1882.0,1.0,85648111.0,1666294731.8598106
246,522.0,879.0,1292.0,1763.0,7323.0,1878.0,2967.0,3043.0,3948.0,3248.0,7327.0,1878.0,1.0,85652989.0,1666294737.1286767
247,523.0,879.0,1295.0,1766.0,7343.0,1882.0,2972.0,3045.0,3956.0,3254.0,7339.0,1882.0,1.0,85658091.0,1666294741.8696218
248,523.0,878.0,1292.0,1762.0,7310.0,1874.0,2960.0,3033.0,3938.0,3238.0,7268.0,1866.0,1.0,85663010.0,1666294746.8462765
249,522.0,878.0,1290.0,1761.0,7293.0,1868.0,2964.0,3039.0,3945.0,3245.0,7298.0,1870.0,1.0,85668091.0,1666294751.8841631
250,523.0,880.0,1295.0,1766.0,7343.0,1886.0,2975.0,3049.0,3959.0,3255.0,7338.0,1890.0,1.0,85672989.0,1666294756.8421764
251,524.0,881.0,1296.0,1769.0,7366.0,1894.0,2973.0,3050.0,3962.0,3260.0,7367.0,1894.0,1.0,85678111.0,1666294761.900514
252,524.0,881.0,1296.0,1769.0,7365.0,1894.0,2986.0,3062.0,3977.0,3276.0,7420.0,1911.0,1.0,85682989.0,1666294766.8619752
253,524.0,882.0,1298.0,1771.0,7387.0,1896.0,2883.0,2957.0,3852.0,3150.0,6858.0,1745.0,1.0,85688091.0,1666294772.7716937
254,247.0,410.0,618.0,855.0,2780.0,596.0,1634.0,1807.0,2393.0,2151.0,3369.0,648.0,1.0,85693009.0,1666294776.867313
255,262.0,439.0,655.0,910.0,2816.0,564.0,1023.0,1157.0,1587.0,1503.0,2258.0,456.0,1.0,85698091.0,1666294782.217802
256,180.0,300.0,458.0,623.0,2388.0,490.0,538.0,579.0,957.0,855.0,1728.0,434.0,1.0,85702989.0,1666294787.0555665
257,220.0,371.0,525.0,737.0,4200.0,1258.0,2410.0,2244.0,3336.0,2535.0,9288.0,2720.0,1.0,85708112.0,1666294793.0073357
258,424.0,677.0,1030.0,1364.0,9185.0,2694.0,2390.0,2233.0,3304.0,2523.0,9193.0,2697.0,1.0,85712989.0,1666294796.9035032
259,425.0,677.0,1031.0,1368.0,9355.0,2730.0,2397.0,2235.0,3339.0,2529.0,9360.0,2730.0,1.0,85718091.0,1666294801.8950062
260,419.0,670.0,1016.0,1350.0,9069.0,2624.0,2380.0,2231.0,3305.0,2513.0,9115.0,2642.0,1.0,85723009.0,1666294806.883689
261,421.0,673.0,1022.0,1360.0,9135.0,2644.0,2385.0,2235.0,3312.0,2517.0,9148.0,2644.0,1.0,85728091.0,1666294811.9023387
262,420.0,673.0,1022.0,1360.0,9155.0,2650.0,2385.0,2232.0,3314.0,2518.0,9145.0,2642.0,1.0,85732989.0,1666294817.8310068
263,421.0,673.0,1022.0,1361.0,9156.0,2644.0,2389.0,2234.0,3320.0,2517.0,9171.0,2645.0,1.0,85738111.0,1666294821.9121025
264,421.0,673.0,1022.0,1363.0,9178.0,2646.0,2392.0,2234.0,3328.0,2520.0,9186.0,2648.0,1.0,85742989.0,1666294827.2182486
265,421.0,673.0,1023.0,1364.0,9175.0,2642.0,2392.0,2235.0,3327.0,2520.0,9178.0,2642.0,1.0,85748091.0,1666294831.91148
266,424.0,678.0,1031.0,1373.0,9234.0,2690.0,2410.0,2244.0,3346.0,2534.0,9282.0,2712.0,1.0,85753010.0,1666294836.8846538
267,426.0,680.0,1036.0,1380.0,9472.0,2732.0,2423.0,2248.0,3389.0,2551.0,9545.0,2745.0,1.0,85758091.0,1666294841.9293976
268,426.0,681.0,1038.0,1383.0,9503.0,2750.0,2434.0,2255.0,3402.0,2552.0,9507.0,2751.0,1.0,85762989.0,1666294846.8758764
269,426.0,682.0,1039.0,1383.0,9514.0,2756.0,2435.0,2253.0,3401.0,2552.0,9517.0,2758.0,1.0,85768111.0,1666294852.1265142
270,427.0,681.0,1038.0,1383.0,9512.0,2754.0,2435.0,2257.0,3404.0,2553.0,9519.0,2758.0,1.0,85772989.0,1666294857.3400438
271,427.0,681.0,1040.0,1383.0,9527.0,2758.0,2437.0,2258.0,3404.0,2556.0,9522.0,2757.0,1.0,85778091.0,1666294862.934902
272,427.0,681.0,1039.0,1385.0,9531.0,2762.0,2438.0,2258.0,3407.0,2556.0,9529.0,2760.0,1.0,85783009.0,1666294866.9006858
273,427.0,682.0,1038.0,1384.0,9488.0,2764.0,2437.0,2254.0,3398.0,2551.0,9507.0,2772.0,1.0,85788091.0,1666294872.371619
274,435.0,692.0,1085.0,1401.0,10099.0,3028.0,2450.0,2258.0,3367.0,2576.0,9765.0,2880.0,1.0,85792989.0,1666294876.891309
275,436.0,691.0,1064.0,1392.0,9763.0,2886.0,2453.0,2259.0,3381.0,2578.0,9767.0,2886.0,1.0,85798112.0,1666294881.943022
276,436.0,691.0,1063.0,1392.0,9751.0,2884.0,2454.0,2263.0,3383.0,2580.0,9764.0,2888.0,1.0,85802989.0,1666294886.9117582
277,443.0,702.0,1085.0,1415.0,10133.0,3022.0,2485.0,2281.0,3438.0,2608.0,9984.0,2967.0,1.0,85808091.0,1666294891.9434466
278,442.0,701.0,1082.0,1411.0,10069.0,2996.0,2501.0,2288.0,3457.0,2617.0,10058.0,2992.0,1.0,85813009.0,1666294896.9020438
279,440.0,701.0,1080.0,1410.0,10040.0,2986.0,2496.0,2287.0,3450.0,2613.0,10024.0,2980.0,1.0,85818091.0,1666294901.9610226
280,441.0,701.0,1081.0,1410.0,10048.0,2988.0,2498.0,2288.0,3453.0,2617.0,10039.0,2982.0,1.0,85822989.0,1666294907.8789406
281,442.0,700.0,1081.0,1411.0,10045.0,2988.0,2500.0,2290.0,3457.0,2618.0,10043.0,2988.0,1.0,85828111.0,1666294911.9754972
282,441.0,700.0,1081.0,1410.0,10040.0,2984.0,2500.0,2288.0,3457.0,2619.0,10034.0,2985.0,1.0,85832989.0,1666294917.4320357
283,471.0,765.0,1209.0,1604.0,12453.0,3790.0,2832.0,2406.0,3997.0,2814.0,12552.0,3826.0,1.0,85838091.0,1666294922.362868
284,449.0,715.0,1112.0,1465.0,10567.0,3100.0,2552.0,2287.0,3570.0,2614.0,10262.0,2974.0,1.0,85843010.0,1666294927.0943458
285,426.0,679.0,1047.0,1389.0,9291.0,2684.0,2541.0,2262.0,3550.0,2586.0,10122.0,2977.0,1.0,85848091.0,1666294931.985712
286,448.0,723.0,1105.0,1507.0,10728.0,3090.0,2582.0,2323.0,3607.0,2672.0,10648.0,3001.0,1.0,85852989.0,1666294936.9085772
287,450.0,721.0,1103.0,1488.0,10674.0,3002.0,2586.0,2328.0,3616.0,2677.0,10682.0,3007.0,1.0,85858111.0,1666294941.9781027
288,451.0,722.0,1104.0,1490.0,10697.0,3016.0,2590.0,2328.0,3620.0,2682.0,10714.0,3016.0,1.0,85862989.0,1666294946.9249632
289,451.0,723.0,1103.0,1490.0,10679.0,3004.0,2584.0,2325.0,3611.0,2678.0,10623.0,2981.0,1.0,85868091.0,1666294952.9962056
290,451.0,722.0,1104.0,1492.0,10668.0,2996.0,2587.0,2326.0,3616.0,2680.0,10657.0,2992.0,1.0,85873009.0,1666294956.9305167
291,450.0,722.0,1102.0,1489.0,10668.0,2996.0,2588.0,2328.0,3621.0,2684.0,10668.0,2996.0,1.0,85878091.0,1666294962.4140542
292,450.0,718.0,1106.0,1453.0,10200.0,2836.0,2525.0,2301.0,3467.0,2644.0,9979.0,2784.0,1.0,85882989.0,1666294966.9259212
293,453.0,723.0,1116.0,1467.0,10590.0,2962.0,2575.0,2326.0,3569.0,2686.0,10595.0,2967.0,1.0,85888112.0,1666294972.0112817
294,453.0,724.0,1116.0,1465.0,10594.0,2970.0,2584.0,2332.0,3613.0,2692.0,10636.0,2972.0,1.0,85892989.0,1666294976.925346
295,452.0,722.0,1102.0,1477.0,10541.0,2954.0,2590.0,2330.0,3607.0,2692.0,10603.0,2977.0,1.0,85898091.0,1666294982.0073965
296,454.0,727.0,1111.0,1506.0,10829.0,3044.0,2600.0,2321.0,3665.0,2679.0,10838.0,3075.0,1.0,85903009.0,1666294987.1874378
297,445.0,690.0,1058.0,1458.0,10681.0,3060.0,2552.0,2278.0,3587.0,2618.0,10689.0,3059.0,1.0,85908091.0,1666294992.2328467
298,454.0,731.0,1114.0,1522.0,10900.0,3074.0,2615.0,2359.0,3724.0,2713.0,10691.0,3078.0,1.0,85912989.0,1666294998.0582747
299,446.0,728.0,1108.0,1540.0,10931.0,3292.0,2670.0,2379.0,3821.0,2729.0,10943.0,3294.0,1.0,85918111.0,1666295002.0712805
300,451.0,714.0,1094.0,1492.0,10879.0,3108.0,2575.0,2306.0,3590.0,2660.0,10690.0,3006.0,1.0,85922989.0,1666295007.4995093
301,452.0,712.0,1092.0,1479.0,10797.0,3054.0,2591.0,2312.0,3628.0,2666.0,10801.0,3040.0,1.0,85928091.0,1666295012.0310721
302,456.0,734.0,1118.0,1524.0,10970.0,3094.0,2643.0,2355.0,3720.0,2727.0,11016.0,3097.0,1.0,85933010.0,1666295017.015455
303,455.0,730.0,1113.0,1521.0,10923.0,3084.0,2632.0,2355.0,3720.0,2724.0,10921.0,3084.0,1.0,85938091.0,1666295022.0404537
304,450.0,720.0,1093.0,1488.0,10553.0,2934.0,2578.0,2340.0,3648.0,2703.0,10593.0,2937.0,1.0,85942989.0,1666295026.9522703
305,453.0,726.0,1107.0,1505.0,10735.0,2984.0,2609.0,2340.0,3679.0,2707.0,10709.0,2991.0,1.0,85948111.0,1666295032.0415552
306,454.0,727.0,1111.0,1499.0,10712.0,2986.0,2620.0,2350.0,3687.0,2723.0,10818.0,3040.0,1.0,85952989.0,1666295036.9662387
307,456.0,731.0,1116.0,1511.0,10872.0,3062.0,2626.0,2347.0,3696.0,2716.0,10836.0,3050.0,1.0,85958091.0,1666295043.1421566
308,455.0,730.0,1113.0,1512.0,10835.0,3050.0,2623.0,2347.0,3691.0,2716.0,10830.0,3045.0,1.0,85963009.0,1666295047.0048304
309,455.0,731.0,1114.0,1512.0,10851.0,3052.0,2626.0,2349.0,3697.0,2720.0,10868.0,3051.0,1.0,85968091.0,1666295053.6712945
310,455.0,731.0,1111.0,1516.0,10818.0,3048.0,2627.0,2353.0,3713.0,2725.0,10828.0,3061.0,1.0,85972989.0,1666295056.996991
311,424.0,678.0,1027.0,1364.0,9034.0,2532.0,2396.0,2203.0,3247.0,2519.0,9164.0,2628.0,1.0,85978112.0,1666295062.0967326
312,419.0,668.0,1012.0,1340.0,8667.0,2388.0,2329.0,2210.0,3165.0,2508.0,8662.0,2386.0,1.0,85982989.0,1666295066.9819753
313,419.0,669.0,1013.0,1341.0,8674.0,2392.0,2330.0,2212.0,3166.0,2511.0,8661.0,2385.0,1.0,85988091.0,1666295072.0869
314,419.0,670.0,1012.0,1342.0,8664.0,2386.0,2336.0,2220.0,3186.0,2520.0,8752.0,2431.0,1.0,85993009.0,1666295076.9684474
315,420.0,670.0,1016.0,1344.0,8691.0,2438.0,2344.0,2226.0,3203.0,2527.0,8751.0,2470.0,1.0,85998091.0,1666295082.0756764
316,422.0,673.0,1020.0,1350.0,8743.0,2470.0,2351.0,2230.0,3216.0,2534.0,8798.0,2490.0,1.0,86002989.0,1666295088.0362875
317,421.0,673.0,1015.0,1356.0,8856.0,2506.0,2347.0,2231.0,3238.0,2531.0,8839.0,2504.0,1.0,86008111.0,1666295092.0784376
318,421.0,672.0,1019.0,1353.0,8797.0,2494.0,2369.0,2234.0,3251.0,2543.0,8919.0,2518.0,1.0,86012989.0,1666295097.6461976
319,424.0,674.0,1026.0,1351.0,8851.0,2500.0,2363.0,2219.0,3217.0,2530.0,8868.0,2504.0,1.0,86018091.0,1666295102.067445
320,423.0,674.0,1027.0,1353.0,8873.0,2508.0,2364.0,2221.0,3222.0,2532.0,8872.0,2507.0,1.0,86023010.0,1666295107.1182325
321,424.0,674.0,1026.0,1354.0,8872.0,2510.0,2307.0,2211.0,3163.0,2509.0,8559.0,2342.0,1.0,86028091.0,1666295112.0979202
322,417.0,666.0,1006.0,1337.0,8533.0,2386.0,2330.0,2220.0,3203.0,2519.0,8650.0,2430.0,1.0,86032989.0,1666295118.0326066
323,419.0,669.0,1013.0,1346.0,8656.0,2432.0,2329.0,2218.0,3202.0,2518.0,8646.0,2429.0,1.0,86038111.0,1666295122.2578
324,419.0,669.0,1013.0,1345.0,8686.0,2442.0,2345.0,2225.0,3223.0,2527.0,8780.0,2484.0,1.0,86042989.0,1666295127.0367985
325,420.0,672.0,1016.0,1346.0,8787.0,2438.0,2335.0,2219.0,3197.0,2518.0,8684.0,2456.0,1.0,86048091.0,1666295133.2191634
326,428.0,683.0,1063.0,1376.0,9762.0,2904.0,2374.0,2239.0,3266.0,2554.0,9010.0,2571.0,1.0,86053009.0,1666295137.0185819
327,427.0,679.0,1033.0,1367.0,9053.0,2592.0,2385.0,2238.0,3275.0,2556.0,9063.0,2596.0,1.0,86058091.0,1666295142.7928886
328,422.0,673.0,1021.0,1352.0,8860.0,2526.0,2355.0,2229.0,3237.0,2537.0,8876.0,2528.0,1.0,86062989.0,1666295147.0253825
329,421.0,672.0,1016.0,1350.0,8882.0,2504.0,2304.0,2194.0,3154.0,2492.0,8500.0,2419.0,1.0,86068112.0,1666295152.2755415
330,430.0,685.0,1041.0,1400.0,9533.0,2772.0,2427.0,2258.0,3381.0,2583.0,9437.0,2781.0,1.0,86072989.0,1666295157.1248052
331,429.0,681.0,1039.0,1380.0,9388.0,2754.0,2410.0,2249.0,3356.0,2580.0,9385.0,2755.0,1.0,86078091.0,1666295162.5008068
332,428.0,682.0,1041.0,1382.0,9415.0,2768.0,2412.0,2251.0,3357.0,2586.0,9419.0,2768.0,1.0,86083009.0,1666295167.0201886
333,429.0,682.0,1040.0,1381.0,9419.0,2768.0,2413.0,2251.0,3361.0,2587.0,9421.0,2772.0,1.0,86088091.0,1666295172.1304202
334,428.0,681.0,1039.0,1382.0,9411.0,2766.0,2413.0,2249.0,3360.0,2585.0,9412.0,2771.0,1.0,86092989.0,1666295178.1436684
335,429.0,681.0,1041.0,1382.0,9431.0,2778.0,2411.0,2248.0,3357.0,2584.0,9409.0,2770.0,1.0,86098111.0,1666295182.500389
336,429.0,681.0,1040.0,1382.0,9431.0,2776.0,2415.0,2251.0,3365.0,2590.0,9440.0,2781.0,1.0,86102989.0,1666295188.5561693
337,428.0,681.0,1039.0,1381.0,9423.0,2776.0,2415.0,2250.0,3363.0,2589.0,9441.0,2783.0,1.0,86108091.0,1666295192.1268065
338,429.0,680.0,1040.0,1382.0,9434.0,2780.0,2412.0,2248.0,3362.0,2589.0,9433.0,2780.0,1.0,86113010.0,1666295197.210042
339,429.0,682.0,1040.0,1383.0,9446.0,2784.0,2412.0,2249.0,3362.0,2592.0,9439.0,2781.0,1.0,86118091.0,1666295202.1306374
340,429.0,681.0,1040.0,1386.0,9433.0,2781.0,2414.0,2251.0,3368.0,2593.0,9437.0,2783.0,1.0,86122989.0,1666295207.054034
341,428.0,683.0,1041.0,1385.0,9442.0,2786.0,2416.0,2250.0,3372.0,2595.0,9455.0,2793.0,1.0,86128111.0,1666295212.1499877
342,429.0,682.0,1040.0,1386.0,9458.0,2794.0,2415.0,2250.0,3369.0,2592.0,9447.0,2789.0,1.0,86132989.0,1666295217.0573654
343,429.0,682.0,1040.0,1387.0,9459.0,2796.0,2419.0,2252.0,3375.0,2596.0,9471.0,2799.0,1.0,86138091.0,1666295223.2932298
344,430.0,683.0,1041.0,1388.0,9480.0,2800.0,2421.0,2254.0,3376.0,2600.0,9468.0,2799.0,1.0,86143009.0,1666295227.0500312
345,430.0,682.0,1040.0,1386.0,9471.0,2800.0,2419.0,2253.0,3374.0,2596.0,9466.0,2797.0,1.0,86148091.0,1666295232.751745
346,429.0,684.0,1042.0,1388.0,9487.0,2808.0,2421.0,2254.0,3379.0,2600.0,9474.0,2804.0,1.0,86152989.0,1666295237.0508778
347,429.0,683.0,1041.0,1387.0,9472.0,2804.0,2419.0,2254.0,3380.0,2601.0,9484.0,2804.0,1.0,86158112.0,1666295242.380299
348,429.0,682.0,1041.0,1386.0,9474.0,2806.0,2418.0,2251.0,3377.0,2599.0,9475.0,2803.0,1.0,86162989.0,1666295247.3176274
349,433.0,684.0,1053.0,1379.0,9576.0,2874.0,2445.0,2252.0,3390.0,2607.0,9596.0,2876.0,1.0,86168091.0,1666295253.207195
350,433.0,685.0,1054.0,1382.0,9606.0,2882.0,2453.0,2258.0,3403.0,2606.0,9589.0,2874.0,1.0,86173009.0,1666295257.0799909
351,433.0,685.0,1055.0,1383.0,9610.0,2880.0,2456.0,2259.0,3406.0,2608.0,9596.0,2879.0,1.0,86178091.0,1666295262.1684406
352,435.0,687.0,1056.0,1384.0,9622.0,2884.0,2460.0,2262.0,3411.0,2610.0,9589.0,2876.0,1.0,86182989.0,1666295268.251468
353,434.0,686.0,1056.0,1384.0,9617.0,2882.0,2461.0,2264.0,3412.0,2611.0,9608.0,2877.0,1.0,86188111.0,1666295272.1686084
354,429.0,682.0,1042.0,1385.0,9429.0,2802.0,2404.0,2247.0,3342.0,2601.0,9418.0,2792.0,1.0,86192989.0,1666295277.8187666
355,430.0,681.0,1040.0,1384.0,9408.0,2792.0,2408.0,2249.0,3349.0,2603.0,9414.0,2796.0,1.0,86198091.0,1666295282.1776798
356,430.0,681.0,1039.0,1384.0,9411.0,2794.0,2407.0,2250.0,3350.0,2603.0,9423.0,2797.0,1.0,86203010.0,1666295287.3234587
357,429.0,681.0,1039.0,1384.0,9438.0,2806.0,2409.0,2248.0,3356.0,2600.0,9430.0,2801.0,1.0,86208091.0,1666295292.2096593
358,429.0,682.0,1040.0,1386.0,9455.0,2806.0,2416.0,2252.0,3361.0,2598.0,9366.0,2764.0,1.0,86212989.0,1666295297.1149356
359,428.0,681.0,1034.0,1379.0,9352.0,2726.0,2322.0,2209.0,3164.0,2526.0,8593.0,2384.0,1.0,86218111.0,1666295302.2099488
360,428.0,677.0,1053.0,1365.0,9664.0,2884.0,2414.0,2182.0,3291.0,2533.0,9593.0,2849.0,1.0,86222989.0,1666295307.1100125
361,429.0,677.0,1050.0,1364.0,9576.0,2840.0,2418.0,2194.0,3300.0,2541.0,9561.0,2829.0,1.0,86228091.0,1666295314.365009
362,436.0,690.0,1071.0,1393.0,9830.0,2912.0,2477.0,2236.0,3380.0,2577.0,9823.0,2908.0,1.0,86233009.0,1666295318.4335573
363,426.0,673.0,1033.0,1349.0,9185.0,2668.0,2390.0,2198.0,3250.0,2529.0,9212.0,2674.0,1.0,86238091.0,1666295322.988075
364,425.0,670.0,1025.0,1344.0,8964.0,2578.0,2375.0,2201.0,3229.0,2534.0,9030.0,2600.0,1.0,86242989.0,1666295327.1260674
365,425.0,671.0,1025.0,1346.0,8989.0,2588.0,2369.0,2201.0,3220.0,2532.0,8966.0,2583.0,1.0,86248112.0,1666295332.5305452
366,426.0,671.0,1027.0,1347.0,8962.0,2582.0,2366.0,2202.0,3217.0,2532.0,8944.0,2572.0,1.0,86252989.0,1666295337.124973
367,426.0,672.0,1027.0,1348.0,9017.0,2600.0,2374.0,2202.0,3227.0,2535.0,9018.0,2600.0,1.0,86258091.0,1666295342.2325985
368,429.0,679.0,1044.0,1362.0,9383.0,2750.0,2405.0,2204.0,3274.0,2542.0,9340.0,2728.0,1.0,86263009.0,1666295347.1437047
369,430.0,679.0,1044.0,1363.0,9380.0,2742.0,2409.0,2208.0,3279.0,2549.0,9363.0,2734.0,1.0,86268091.0,1666295352.2397115
370,431.0,678.0,1043.0,1364.0,9361.0,2736.0,2411.0,2213.0,3282.0,2552.0,9362.0,2731.0,1.0,86272989.0,1666295358.4351635
371,429.0,678.0,1038.0,1359.0,9232.0,2688.0,2396.0,2210.0,3264.0,2546.0,9242.0,2688.0,1.0,86278111.0,1666295362.2482135
372,430.0,678.0,1041.0,1361.0,9273.0,2706.0,2360.0,2198.0,3206.0,2526.0,8923.0,2571.0,1.0,86282989.0,1666295368.123578
373,426.0,671.0,1027.0,1346.0,8994.0,2598.0,2374.0,2204.0,3228.0,2539.0,9024.0,2608.0,1.0,86288091.0,1666295372.2508178
374,426.0,672.0,1029.0,1350.0,9032.0,2612.0,2377.0,2209.0,3233.0,2544.0,9053.0,2620.0,1.0,86293010.0,1666295378.1120465
375,427.0,673.0,1029.0,1350.0,9032.0,2612.0,2377.0,2207.0,3235.0,2544.0,9048.0,2618.0,1.0,86298091.0,1666295382.630952
376,426.0,673.0,1028.0,1350.0,9017.0,2604.0,2359.0,2201.0,3208.0,2533.0,8899.0,2568.0,1.0,86302989.0,1666295387.347289
377,423.0,668.0,1021.0,1340.0,8882.0,2568.0,2366.0,2202.0,3217.0,2535.0,8932.0,2584.0,1.0,86308111.0,1666295392.2816675
378,425.0,670.0,1024.0,1346.0,8954.0,2588.0,2348.0,2197.0,3193.0,2527.0,8806.0,2536.0,1.0,86312989.0,1666295397.1736767
379,425.0,671.0,1024.0,1345.0,8906.0,2567.0,2361.0,2205.0,3212.0,2538.0,8896.0,2562.0,1.0,86318091.0,1666295403.5416777
380,402.0,636.0,961.0,1269.0,7976.0,2258.0,2225.0,2116.0,3010.0,2410.0,7885.0,2220.0,1.0,86323009.0,1666295407.1852562
381,423.0,668.0,1018.0,1338.0,8791.0,2530.0,2356.0,2200.0,3202.0,2531.0,8831.0,2545.0,1.0,86328091.0,1666295413.0579033
382,423.0,668.0,1017.0,1339.0,8786.0,2526.0,2353.0,2202.0,3202.0,2536.0,8817.0,2533.0,1.0,86332989.0,1666295417.1785865
383,423.0,668.0,1019.0,1340.0,8804.0,2536.0,2362.0,2208.0,3218.0,2544.0,8891.0,2556.0,1.0,86338112.0,1666295422.6864343
384,445.0,706.0,1081.0,1443.0,10078.0,2966.0,2556.0,2300.0,3540.0,2681.0,10490.0,3186.0,1.0,86342989.0,1666295427.1743813
385,429.0,678.0,1034.0,1364.0,9208.0,2660.0,2399.0,2244.0,3289.0,2588.0,9243.0,2678.0,1.0,86348091.0,1666295432.299561
386,430.0,680.0,1037.0,1368.0,9216.0,2682.0,2397.0,2241.0,3287.0,2587.0,9216.0,2679.0,1.0,86353009.0,1666295437.2266304
387,430.0,679.0,1036.0,1368.0,9214.0,2680.0,2397.0,2244.0,3290.0,2589.0,9223.0,2684.0,1.0,86358091.0,1666295442.6580384
388,429.0,678.0,1035.0,1366.0,9231.0,2676.0,2392.0,2242.0,3288.0,2587.0,9223.0,2690.0,1.0,86362989.0,1666295449.2755187
389,431.0,678.0,1035.0,1366.0,9202.0,2680.0,2475.0,2270.0,3427.0,2623.0,9847.0,2901.0,1.0,86368111.0,1666295452.488943
390,435.0,687.0,1046.0,1383.0,9490.0,2820.0,2434.0,2269.0,3386.0,2628.0,9529.0,2835.0,1.0,86372989.0,1666295458.339182
391,436.0,689.0,1052.0,1391.0,9578.0,2852.0,2439.0,2271.0,3392.0,2633.0,9566.0,2849.0,1.0,86378091.0,1666295462.3264549
392,290.0,462.0,719.0,975.0,4633.0,1416.0,1107.0,1132.0,1571.0,1437.0,3905.0,1170.0,1.0,86383010.0,1666295467.658371
393,439.0,693.0,1057.0,1402.0,9652.0,2842.0,2448.0,2270.0,3408.0,2631.0,9640.0,2862.0,1.0,86388091.0,1666295472.29573
394,434.0,685.0,1049.0,1381.0,9505.0,2810.0,2431.0,2253.0,3352.0,2609.0,9536.0,2821.0,1.0,86392989.0,1666295477.3038645
395,425.0,671.0,1021.0,1353.0,9050.0,2638.0,2354.0,2230.0,3257.0,2560.0,8952.0,2605.0,1.0,86398111.0,1666295482.3097918
396,429.0,677.0,1031.0,1363.0,9176.0,2696.0,2361.0,2234.0,3266.0,2566.0,9013.0,2634.0,1.0,86402989.0,1666295487.2289703
397,426.0,673.0,1024.0,1356.0,9080.0,2662.0,2393.0,2245.0,3311.0,2590.0,9248.0,2727.0,1.0,86408091.0,1666295493.6169345
398,433.0,683.0,1044.0,1376.0,9427.0,2802.0,2417.0,2252.0,3345.0,2607.0,9426.0,2803.0,1.0,86413009.0,1666295497.218725
399,431.0,680.0,1039.0,1377.0,9365.0,2778.0,2410.0,2252.0,3353.0,2602.0,9353.0,2775.0,1.0,86418091.0,1666295503.161818
400,431.0,680.0,1036.0,1373.0,9344.0,2772.0,2413.0,2256.0,3363.0,2607.0,9449.0,2776.0,1.0,86422989.0,1666295507.3058083
401,431.0,681.0,1037.0,1374.0,9435.0,2746.0,2406.0,2252.0,3353.0,2604.0,9404.0,2764.0,1.0,86428112.0,1666295514.295332
402,429.0,677.0,1030.0,1369.0,9301.0,2712.0,2393.0,2249.0,3335.0,2597.0,9286.0,2713.0,1.0,86432989.0,1666295517.5606809
403,425.0,674.0,1023.0,1363.0,9211.0,2672.0,2378.0,2246.0,3328.0,2586.0,9200.0,2664.0,1.0,86438091.0,1666295522.4477355
404,425.0,673.0,1020.0,1360.0,9184.0,2658.0,2370.0,2242.0,3315.0,2585.0,9157.0,2645.0,1.0,86443009.0,1666295527.2598333
405,424.0,672.0,1017.0,1354.0,9132.0,2654.0,2373.0,2246.0,3318.0,2583.0,9171.0,2662.0,1.0,86448091.0,1666295532.3387766
406,427.0,674.0,1023.0,1361.0,9231.0,2674.0,2376.0,2245.0,3306.0,2584.0,9196.0,2663.0,1.0,86452989.0,1666295538.5599463
407,428.0,675.0,1026.0,1362.0,9230.0,2700.0,2383.0,2245.0,3320.0,2589.0,9219.0,2697.0,1.0,86458111.0,1666295542.3450983
408,427.0,675.0,1025.0,1362.0,9223.0,2698.0,2385.0,2246.0,3325.0,2588.0,9218.0,2696.0,1.0,86462989.0,1666295548.2575047
409,424.0,670.0,1016.0,1354.0,9101.0,2632.0,2369.0,2238.0,3311.0,2576.0,9138.0,2675.0,1.0,86468091.0,1666295552.3596325
410,427.0,674.0,1024.0,1364.0,9246.0,2710.0,2387.0,2246.0,3336.0,2589.0,9255.0,2714.0,1.0,86473010.0,1666295557.8306713
411,417.0,635.0,971.0,1300.0,9096.0,2690.0,2309.0,2173.0,3197.0,2492.0,9076.0,2683.0,1.0,86478091.0,1666295562.3782923
412,417.0,634.0,971.0,1299.0,9083.0,2686.0,2309.0,2173.0,3198.0,2492.0,9076.0,2685.0,1.0,86482989.0,1666295567.4400017
413,419.0,635.0,972.0,1300.0,9055.0,2696.0,2312.0,2173.0,3216.0,2492.0,9071.0,2701.0,1.0,86488111.0,1666295572.384823
414,416.0,633.0,965.0,1295.0,8984.0,2648.0,2300.0,2170.0,3192.0,2490.0,8994.0,2659.0,1.0,86492989.0,1666295578.9216099
415,416.0,633.0,967.0,1297.0,9004.0,2658.0,2297.0,2173.0,3193.0,2496.0,9017.0,2647.0,1.0,86498091.0,1666295584.0436108
416,416.0,633.0,967.0,1298.0,9002.0,2660.0,2298.0,2170.0,3187.0,2489.0,8956.0,2642.0,1.0,86503009.0,1666295587.2958798
417,416.0,632.0,967.0,1299.0,9000.0,2656.0,2303.0,2174.0,3202.0,2495.0,9003.0,2653.0,1.0,86508091.0,1666295593.3234844
418,416.0,632.0,966.0,1298.0,8996.0,2648.0,2303.0,2173.0,3203.0,2495.0,9006.0,2651.0,1.0,86512989.0,1666295597.2987916
419,415.0,632.0,965.0,1296.0,9016.0,2644.0,2298.0,2172.0,3195.0,2495.0,9009.0,2655.0,1.0,86518112.0,1666295603.053747
420,417.0,633.0,968.0,1298.0,9014.0,2666.0,2303.0,2176.0,3201.0,2499.0,8999.0,2658.0,1.0,86522989.0,1666295607.2968185
421,417.0,633.0,967.0,1300.0,9059.0,2660.0,2305.0,2178.0,3205.0,2498.0,9036.0,2668.0,1.0,86528091.0,1666295612.5875912
422,416.0,633.0,967.0,1298.0,9012.0,2660.0,2305.0,2177.0,3207.0,2499.0,9026.0,2663.0,1.0,86533009.0,1666295617.3056054
423,419.0,637.0,974.0,1305.0,9104.0,2720.0,2320.0,2182.0,3226.0,2506.0,9108.0,2721.0,1.0,86538091.0,1666295622.3985283
424,418.0,636.0,974.0,1305.0,9136.0,2710.0,2300.0,2174.0,3195.0,2498.0,9019.0,2648.0,1.0,86542989.0,1666295628.6766896
425,417.0,633.0,968.0,1299.0,9013.0,2664.0,2305.0,2179.0,3203.0,2498.0,9010.0,2666.0,1.0,86548111.0,1666295632.4069836
426,417.0,633.0,968.0,1302.0,9060.0,2656.0,2306.0,2179.0,3210.0,2502.0,9020.0,2662.0,1.0,86552989.0,1666295638.4249346
427,413.0,627.0,959.0,1291.0,8925.0,2602.0,2292.0,2171.0,3193.0,2495.0,8969.0,2631.0,1.0,86558091.0,1666295643.0931308
428,416.0,630.0,962.0,1295.0,8924.0,2630.0,2293.0,2172.0,3187.0,2491.0,8917.0,2634.0,1.0,86563010.0,1666295648.692673
429,415.0,630.0,962.0,1298.0,8999.0,2642.0,2292.0,2170.0,3192.0,2493.0,8936.0,2634.0,1.0,86568091.0,1666295652.422886
430,417.0,634.0,969.0,1303.0,9066.0,2668.0,2307.0,2180.0,3210.0,2502.0,9052.0,2679.0,1.0,86572989.0,1666295657.6884875
431,415.0,630.0,963.0,1296.0,8980.0,2646.0,2295.0,2172.0,3198.0,2498.0,8987.0,2649.0,1.0,86578111.0,1666295662.4402776
432,417.0,632.0,963.0,1298.0,8992.0,2650.0,2295.0,2173.0,3201.0,2500.0,8995.0,2649.0,1.0,86582989.0,1666295667.368702
433,416.0,631.0,964.0,1299.0,9018.0,2654.0,2291.0,2169.0,3191.0,2494.0,8937.0,2640.0,1.0,86588091.0,1666295673.8305001
434,414.0,627.0,960.0,1294.0,9021.0,2642.0,2297.0,2174.0,3198.0,2502.0,9012.0,2654.0,1.0,86593009.0,1666295677.3325117
435,415.0,632.0,964.0,1297.0,8994.0,2648.0,2297.0,2175.0,3211.0,2503.0,9033.0,2658.0,1.0,86598091.0,1666295683.4160872
436,416.0,632.0,965.0,1303.0,9037.0,2658.0,2300.0,2174.0,3211.0,2505.0,9045.0,2660.0,1.0,86602989.0,1666295687.3412132
437,416.0,632.0,965.0,1303.0,9050.0,2662.0,2298.0,2173.0,3215.0,2508.0,9061.0,2666.0,1.0,86608112.0,1666295693.0856678
438,412.0,624.0,954.0,1291.0,8977.0,2628.0,2256.0,2140.0,3163.0,2494.0,9005.0,2637.0,1.0,86612989.0,1666295697.3446243
439,413.0,626.0,957.0,1296.0,9025.0,2646.0,2292.0,2170.0,3202.0,2504.0,9023.0,2654.0,1.0,86618091.0,1666295702.732491
440,413.0,627.0,959.0,1293.0,8982.0,2632.0,2294.0,2176.0,3199.0,2503.0,8981.0,2643.0,1.0,86623009.0,1666295707.6084914
441,416.0,632.0,964.0,1300.0,9005.0,2648.0,2289.0,2173.0,3190.0,2500.0,8973.0,2636.0,1.0,86628091.0,1666295713.606072
442,416.0,631.0,963.0,1302.0,9028.0,2654.0,2291.0,2171.0,3194.0,2496.0,8948.0,2642.0,1.0,86632989.0,1666295718.742747
443,416.0,630.0,962.0,1295.0,8936.0,2626.0,2282.0,2168.0,3181.0,2500.0,8918.0,2619.0,1.0,86638111.0,1666295722.4680917
444,412.0,624.0,954.0,1287.0,8895.0,2608.0,2280.0,2166.0,3166.0,2496.0,8913.0,2616.0,1.0,86642989.0,1666295728.482402
445,415.0,630.0,962.0,1295.0,8948.0,2632.0,2292.0,2174.0,3181.0,2505.0,8975.0,2645.0,1.0,86648091.0,1666295732.466411
446,416.0,632.0,965.0,1299.0,8976.0,2650.0,2285.0,2170.0,3183.0,2501.0,8955.0,2637.0,1.0,86653010.0,1666295738.0788004
447,416.0,630.0,962.0,1298.0,8993.0,2644.0,2284.0,2169.0,3179.0,2501.0,8962.0,2634.0,1.0,86658091.0,1666295742.5090575
448,410.0,620.0,952.0,1284.0,8917.0,2614.0,2268.0,2157.0,3166.0,2499.0,8951.0,2628.0,1.0,86662989.0,1666295747.8330984
449,416.0,632.0,963.0,1297.0,8944.0,2638.0,2278.0,2164.0,3180.0,2506.0,8990.0,2641.0,1.0,86668111.0,1666295752.4711683
450,416.0,631.0,962.0,1299.0,8988.0,2654.0,2291.0,2174.0,3188.0,2507.0,8989.0,2649.0,1.0,86672989.0,1666295757.4623296
451,417.0,633.0,964.0,1300.0,8999.0,2672.0,2296.0,2175.0,3185.0,2505.0,8943.0,2662.0,1.0,86678091.0,1666295763.9085715
452,409.0,621.0,950.0,1284.0,8904.0,2608.0,2244.0,2135.0,3137.0,2498.0,8929.0,2617.0,1.0,86683009.0,1666295767.378549
453,411.0,624.0,953.0,1287.0,8946.0,2624.0,2275.0,2160.0,3172.0,2499.0,8937.0,2626.0,1.0,86688091.0,1666295774.6667373
454,413.0,626.0,953.0,1286.0,8867.0,2606.0,2267.0,2155.0,3154.0,2487.0,8861.0,2608.0,1.0,86692989.0,1666295778.7270818
455,412.0,624.0,953.0,1283.0,8864.0,2606.0,2274.0,2162.0,3164.0,2494.0,8862.0,2605.0,1.0,86698112.0,1666295783.5916314
456,412.0,624.0,956.0,1293.0,9041.0,2652.0,2294.0,2172.0,3208.0,2510.0,9041.0,2665.0,1.0,86702989.0,1666295787.4088273
457,414.0,627.0,959.0,1295.0,8989.0,2636.0,2294.0,2167.0,3198.0,2499.0,8968.0,2633.0,1.0,86708091.0,1666295792.877421
458,415.0,629.0,961.0,1297.0,8991.0,2640.0,2296.0,2169.0,3202.0,2501.0,8976.0,2636.0,1.0,86713009.0,1666295797.3850968
459,415.0,629.0,961.0,1297.0,8999.0,2644.0,2302.0,2173.0,3208.0,2500.0,8996.0,2651.0,1.0,86718091.0,1666295802.7468984
460,417.0,634.0,966.0,1306.0,9117.0,2708.0,2304.0,2182.0,3225.0,2520.0,9083.0,2691.0,1.0,86722989.0,1666295808.8294692
461,418.0,634.0,967.0,1304.0,9099.0,2692.0,2302.0,2180.0,3225.0,2522.0,9110.0,2696.0,1.0,86728111.0,1666295812.5108323
462,414.0,625.0,957.0,1294.0,9051.0,2666.0,2301.0,2182.0,3220.0,2520.0,9063.0,2685.0,1.0,86732989.0,1666295818.648676
463,418.0,633.0,964.0,1303.0,9076.0,2686.0,2304.0,2180.0,3227.0,2523.0,9091.0,2690.0,1.0,86738091.0,1666295822.5261083
464,418.0,632.0,964.0,1302.0,9067.0,2686.0,2285.0,2165.0,3211.0,2523.0,9111.0,2692.0,1.0,86743010.0,1666295828.2085853
465,417.0,629.0,962.0,1303.0,9120.0,2694.0,2299.0,2179.0,3219.0,2522.0,9084.0,2690.0,1.0,86748091.0,1666295832.5311995
466,418.0,634.0,965.0,1305.0,9111.0,2700.0,2301.0,2178.0,3224.0,2525.0,9097.0,2698.0,1.0,86752989.0,1666295839.2525055
467,418.0,633.0,965.0,1304.0,9073.0,2694.0,2296.0,2175.0,3216.0,2521.0,9069.0,2690.0,1.0,86758111.0,1666295843.806092
468,418.0,633.0,964.0,1304.0,9110.0,2700.0,2294.0,2172.0,3226.0,2526.0,9142.0,2710.0,1.0,86762989.0,1666295848.7049122
469,419.0,634.0,967.0,1308.0,9138.0,2722.0,2314.0,2187.0,3243.0,2533.0,9157.0,2722.0,1.0,86768091.0,1666295854.059804
470,418.0,633.0,966.0,1307.0,9151.0,2720.0,2308.0,2182.0,3238.0,2529.0,9147.0,2719.0,1.0,86773009.0,1666295857.5219042
471,415.0,628.0,962.0,1297.0,8871.0,2680.0,2314.0,2180.0,3224.0,2515.0,9001.0,2685.0,1.0,86778091.0,1666295863.6674707
472,418.0,632.0,965.0,1304.0,8980.0,2678.0,2317.0,2182.0,3226.0,2522.0,8987.0,2678.0,1.0,86782989.0,1666295867.4378455
473,419.0,634.0,968.0,1309.0,9037.0,2692.0,2321.0,2186.0,3228.0,2525.0,9018.0,2687.0,1.0,86788112.0,1666295873.4079118
474,419.0,634.0,968.0,1308.0,9027.0,2690.0,2318.0,2185.0,3227.0,2525.0,9018.0,2685.0,1.0,86792989.0,1666295877.4487338
475,420.0,635.0,970.0,1312.0,9118.0,2704.0,2322.0,2189.0,3234.0,2530.0,9074.0,2693.0,1.0,86798091.0,1666295883.0784185
476,418.0,633.0,966.0,1306.0,8964.0,2679.0,2374.0,2213.0,3337.0,2575.0,9469.0,2847.0,1.0,86803009.0,1666295887.4361663
477,424.0,642.0,981.0,1324.0,9284.0,2784.0,2347.0,2206.0,3294.0,2562.0,9317.0,2798.0,1.0,86808091.0,1666295892.9214456
478,424.0,643.0,980.0,1326.0,9312.0,2796.0,2348.0,2205.0,3292.0,2561.0,9315.0,2799.0,1.0,86812989.0,1666295899.0060835
479,425.0,642.0,982.0,1328.0,9340.0,2810.0,2334.0,2199.0,3276.0,2553.0,9263.0,2786.0,1.0,86818111.0,1666295903.5570834
480,420.0,638.0,973.0,1314.0,9209.0,2752.0,2336.0,2197.0,3283.0,2552.0,9289.0,2781.0,1.0,86822989.0,1666295910.1477845
481,423.0,641.0,980.0,1323.0,9290.0,2802.0,2331.0,2200.0,3273.0,2552.0,9242.0,2771.0,1.0,86828091.0,1666295913.8113377
482,415.0,626.0,959.0,1295.0,8824.0,2652.0,2332.0,2190.0,3266.0,2536.0,9130.0,2724.0,1.0,86833010.0,1666295918.9435036
483,418.0,631.0,968.0,1304.0,8975.0,2686.0,2317.0,2180.0,3224.0,2522.0,8976.0,2691.0,1.0,86838091.0,1666295922.6218982
484,419.0,635.0,972.0,1313.0,9157.0,2734.0,2331.0,2190.0,3259.0,2535.0,9133.0,2729.0,1.0,86842989.0,1666295928.3499415
485,420.0,635.0,972.0,1314.0,9156.0,2734.0,2333.0,2189.0,3263.0,2535.0,9134.0,2728.0,1.0,86848111.0,1666295932.6005595
486,420.0,635.0,972.0,1313.0,9132.0,2732.0,2337.0,2192.0,3271.0,2540.0,9167.0,2740.0,1.0,86852989.0,1666295937.8575363
487,420.0,636.0,972.0,1314.0,9126.0,2732.0,2347.0,2205.0,3296.0,2564.0,9321.0,2806.0,1.0,86858091.0,1666295944.118127
488,420.0,636.0,972.0,1312.0,9182.0,2748.0,2333.0,2200.0,3274.0,2556.0,9231.0,2765.0,1.0,86863009.0,1666295947.6682038
489,422.0,639.0,974.0,1322.0,9289.0,2770.0,2341.0,2199.0,3292.0,2555.0,9297.0,2785.0,1.0,86868091.0,1666295953.7867172
490,421.0,638.0,975.0,1315.0,9231.0,2760.0,2329.0,2197.0,3276.0,2555.0,9245.0,2763.0,1.0,86872989.0,1666295957.4829981
491,421.0,639.0,974.0,1318.0,9260.0,2766.0,2324.0,2192.0,3275.0,2558.0,9274.0,2764.0,1.0,86878112.0,1666295963.5909576
492,422.0,638.0,971.0,1317.0,9255.0,2760.0,2331.0,2188.0,3275.0,2542.0,9190.0,2732.0,1.0,86882989.0,1666295967.8322194
493,418.0,633.0,968.0,1308.0,9008.0,2692.0,2324.0,2185.0,3244.0,2531.0,9056.0,2708.0,1.0,86888091.0,1666295974.6951551
494,420.0,635.0,973.0,1315.0,9176.0,2736.0,2334.0,2193.0,3274.0,2542.0,9180.0,2739.0,1.0,86893009.0,1666295978.2926946
495,420.0,635.0,971.0,1314.0,9162.0,2732.0,2336.0,2194.0,3273.0,2544.0,9171.0,2740.0,1.0,86898091.0,1666295983.520178
496,421.0,636.0,972.0,1315.0,9148.0,2734.0,2334.0,2193.0,3266.0,2543.0,9150.0,2732.0,1.0,86902989.0,1666295989.1089227
497,420.0,635.0,972.0,1315.0,9145.0,2730.0,2328.0,2191.0,3256.0,2539.0,9101.0,2721.0,1.0,86908111.0,1666295992.8343296
498,424.0,640.0,980.0,1325.0,9348.0,2816.0,2332.0,2198.0,3274.0,2555.0,9230.0,2782.0,1.0,86912989.0,1666295998.8466482
499,423.0,641.0,979.0,1328.0,9357.0,2818.0,2285.0,2152.0,3164.0,2497.0,8789.0,2662.0,1.0,86918091.0,1666296002.7957556
500,419.0,633.0,969.0,1311.0,9024.0,2710.0,2325.0,2184.0,3263.0,2544.0,9172.0,2738.0,1.0,86923010.0,1666296008.6605308
501,420.0,635.0,973.0,1316.0,9215.0,2758.0,2336.0,2194.0,3277.0,2545.0,9195.0,2756.0,1.0,86928091.0,1666296012.624075
502,421.0,636.0,973.0,1315.0,9190.0,2756.0,2340.0,2197.0,3280.0,2548.0,9223.0,2770.0,1.0,86932989.0,1666296018.374552
503,420.0,635.0,969.0,1311.0,9116.0,2740.0,2236.0,2077.0,3029.0,2436.0,8742.0,2670.0,1.0,86938111.0,1666296022.6395383
504,410.0,613.0,950.0,1254.0,8672.0,2646.0,2230.0,2079.0,3020.0,2436.0,8662.0,2642.0,1.0,86942989.0,1666296028.0568447
505,412.0,618.0,946.0,1265.0,8396.0,2486.0,2240.0,2132.0,3044.0,2464.0,8389.0,2485.0,1.0,86948091.0,1666296035.135691
506,409.0,615.0,942.0,1261.0,8420.0,2504.0,2283.0,2184.0,3170.0,2537.0,8879.0,2635.0,1.0,86953009.0,1666296039.9688466
507,417.0,630.0,958.0,1296.0,8809.0,2616.0,2281.0,2182.0,3187.0,2536.0,8907.0,2642.0,1.0,86958091.0,1666296045.3227077
508,418.0,630.0,959.0,1302.0,8901.0,2638.0,2273.0,2177.0,3170.0,2528.0,8828.0,2619.0,1.0,86962989.0,1666296049.0578663
509,418.0,631.0,959.0,1299.0,8842.0,2618.0,2274.0,2180.0,3168.0,2534.0,8839.0,2621.0,1.0,86968112.0,1666296054.4776292
510,418.0,631.0,958.0,1298.0,8840.0,2619.0,2276.0,2181.0,3178.0,2537.0,8876.0,2630.0,1.0,86972989.0,1666296058.1873424
511,409.0,611.0,941.0,1251.0,8365.0,2504.0,2223.0,2101.0,3007.0,2440.0,8358.0,2501.0,1.0,86978091.0,1666296063.6639936
512,409.0,612.0,941.0,1253.0,8375.0,2506.0,2240.0,2125.0,3036.0,2459.0,8371.0,2490.0,1.0,86983009.0,1666296067.5566835
513,411.0,616.0,944.0,1261.0,8359.0,2480.0,2237.0,2123.0,3032.0,2456.0,8349.0,2482.0,1.0,86988091.0,1666296073.2434077
514,418.0,631.0,961.0,1297.0,8838.0,2626.0,2283.0,2185.0,3185.0,2543.0,8911.0,2647.0,1.0,86992989.0,1666296079.1970193
515,419.0,634.0,964.0,1307.0,8935.0,2656.0,2301.0,2194.0,3207.0,2554.0,9017.0,2696.0,1.0,86998111.0,1666296082.996951
516,423.0,637.0,971.0,1311.0,9019.0,2698.0,2273.0,2156.0,3095.0,2509.0,8699.0,2582.0,1.0,87002989.0,1666296088.9501722
517,419.0,628.0,982.0,1286.0,9411.0,2940.0,2313.0,2104.0,3141.0,2483.0,9422.0,2949.0,1.0,87008091.0,1666296092.8120356
518,421.0,630.0,972.0,1289.0,8945.0,2728.0,2302.0,2186.0,3186.0,2548.0,9023.0,2714.0,1.0,87013010.0,1666296099.2525623
519,424.0,638.0,975.0,1309.0,9034.0,2710.0,2306.0,2191.0,3190.0,2555.0,9035.0,2709.0,1.0,87018091.0,1666296104.4879684
520,419.0,632.0,963.0,1295.0,8823.0,2638.0,2282.0,2182.0,3159.0,2538.0,8859.0,2636.0,1.0,87022989.0,1666296110.1118412
521,419.0,633.0,962.0,1301.0,8846.0,2618.0,2297.0,2186.0,3173.0,2547.0,8959.0,2677.0,1.0,87028111.0,1666296113.990379
522,423.0,636.0,972.0,1305.0,8962.0,2684.0,2300.0,2187.0,3179.0,2549.0,8982.0,2689.0,1.0,87032989.0,1666296119.4381607
523,422.0,636.0,972.0,1307.0,8980.0,2690.0,2287.0,2185.0,3182.0,2543.0,8927.0,2670.0,1.0,87038091.0,1666296125.0559201
524,420.0,634.0,965.0,1301.0,8921.0,2654.0,2283.0,2184.0,3175.0,2545.0,8913.0,2649.0,1.0,87043009.0,1666296128.8448725
525,420.0,633.0,965.0,1302.0,8910.0,2654.0,2267.0,2173.0,3122.0,2526.0,8707.0,2578.0,1.0,87048091.0,1666296134.3715498
526,419.0,630.0,984.0,1288.0,9511.0,2986.0,2319.0,2102.0,3155.0,2484.0,9520.0,2991.0,1.0,87052989.0,1666296138.1799362
527,420.0,630.0,971.0,1286.0,8946.0,2726.0,2286.0,2176.0,3139.0,2534.0,8884.0,2648.0,1.0,87058112.0,1666296143.856084
528,419.0,632.0,964.0,1295.0,8800.0,2620.0,2282.0,2174.0,3130.0,2535.0,8816.0,2626.0,1.0,87062989.0,1666296147.6463974
529,421.0,633.0,968.0,1299.0,8875.0,2654.0,2287.0,2177.0,3140.0,2540.0,8872.0,2648.0,1.0,87068091.0,1666296153.6475909
530,420.0,633.0,963.0,1296.0,8793.0,2616.0,2281.0,2178.0,3141.0,2538.0,8817.0,2624.0,1.0,87073009.0,1666296157.5985708
531,420.0,633.0,967.0,1299.0,8864.0,2646.0,2286.0,2179.0,3144.0,2539.0,8856.0,2648.0,1.0,87078091.0,1666296163.8522155
532,421.0,634.0,968.0,1300.0,8873.0,2652.0,2265.0,2172.0,3118.0,2529.0,8671.0,2570.0,1.0,87082989.0,1666296171.0385094
533,417.0,630.0,959.0,1297.0,8794.0,2620.0,2281.0,2173.0,3129.0,2536.0,8809.0,2626.0,1.0,87088111.0,1666296174.9650226
534,421.0,633.0,967.0,1299.0,8846.0,2640.0,2286.0,2179.0,3141.0,2542.0,8853.0,2642.0,1.0,87092989.0,1666296180.4596848
535,422.0,635.0,969.0,1301.0,8882.0,2656.0,2277.0,2180.0,3138.0,2541.0,8796.0,2617.0,1.0,87098091.0,1666296184.43541
536,419.0,631.0,960.0,1295.0,8762.0,2600.0,2272.0,2177.0,3135.0,2540.0,8763.0,2596.0,1.0,87103010.0,1666296190.014393
537,420.0,632.0,961.0,1298.0,8793.0,2612.0,2289.0,2160.0,3114.0,2526.0,8834.0,2659.0,1.0,87108091.0,1666296193.9663134
538,441.0,662.0,1028.0,1366.0,9920.0,3086.0,2429.0,2227.0,3354.0,2643.0,10029.0,3132.0,1.0,87112989.0,1666296199.5583177
539,442.0,663.0,1034.0,1369.0,10078.0,3152.0,2437.0,2232.0,3367.0,2649.0,10069.0,3150.0,1.0,87118111.0,1666296203.7737985
540,440.0,660.0,1023.0,1360.0,9903.0,3088.0,2340.0,2204.0,3248.0,2586.0,9280.0,2847.0,1.0,87122989.0,1666296209.3531137
541,430.0,646.0,991.0,1333.0,9360.0,2882.0,2335.0,2205.0,3254.0,2584.0,9266.0,2844.0,1.0,87128091.0,1666296214.9899707
542,427.0,642.0,985.0,1321.0,9192.0,2818.0,2343.0,2211.0,3260.0,2594.0,9291.0,2854.0,1.0,87133009.0,1666296218.8757463
543,427.0,642.0,984.0,1319.0,9168.0,2806.0,2370.0,2215.0,3278.0,2610.0,9494.0,2944.0,1.0,87138091.0,1666296224.490667
544,433.0,650.0,999.0,1334.0,9449.0,2932.0,2371.0,2217.0,3286.0,2612.0,9491.0,2949.0,1.0,87142989.0,1666296228.4317105
545,440.0,659.0,1022.0,1360.0,9845.0,3046.0,2338.0,2210.0,3251.0,2590.0,9265.0,2855.0,1.0,87148112.0,1666296235.9878776
546,428.0,645.0,988.0,1324.0,9281.0,2862.0,2375.0,2221.0,3303.0,2619.0,9532.0,2958.0,1.0,87152989.0,1666296239.862073
547,441.0,658.0,1024.0,1362.0,9935.0,3094.0,2430.0,2232.0,3373.0,2633.0,9947.0,3100.0,1.0,87158091.0,1666296245.5607362
548,441.0,659.0,1026.0,1365.0,9957.0,3100.0,2432.0,2231.0,3377.0,2633.0,9959.0,3105.0,1.0,87163009.0,1666296249.4640305
549,441.0,660.0,1026.0,1366.0,9979.0,3110.0,2344.0,2206.0,3252.0,2593.0,9313.0,2881.0,1.0,87168091.0,1666296255.2232594
550,440.0,657.0,1019.0,1356.0,9845.0,3078.0,2418.0,2231.0,3347.0,2644.0,9903.0,3096.0,1.0,87172989.0,1666296260.9068897
551,442.0,664.0,1033.0,1371.0,10064.0,3138.0,2445.0,2235.0,3381.0,2648.0,10052.0,3137.0,1.0,87178111.0,1666296264.9398034
552,441.0,660.0,1024.0,1362.0,9899.0,3106.0,2420.0,2235.0,3351.0,2653.0,9916.0,3111.0,1.0,87182989.0,1666296270.5402942
553,443.0,662.0,1025.0,1364.0,9938.0,3122.0,2422.0,2239.0,3357.0,2657.0,9932.0,3125.0,1.0,87188091.0,1666296274.5691109
554,442.0,663.0,1027.0,1366.0,9963.0,3136.0,2428.0,2242.0,3366.0,2660.0,9963.0,3135.0,1.0,87193010.0,1666296280.1833842
555,443.0,663.0,1027.0,1367.0,9970.0,3138.0,2430.0,2242.0,3370.0,2662.0,9972.0,3142.0,1.0,87198091.0,1666296284.2519774
556,443.0,664.0,1027.0,1368.0,9973.0,3138.0,2438.0,2244.0,3382.0,2667.0,10041.0,3162.0,1.0,87202989.0,1666296289.9226131
557,446.0,670.0,1045.0,1387.0,10304.0,3254.0,2455.0,2251.0,3412.0,2682.0,10183.0,3220.0,1.0,87208111.0,1666296294.1629093
558,446.0,669.0,1039.0,1381.0,10176.0,3220.0,2456.0,2252.0,3411.0,2685.0,10186.0,3222.0,1.0,87212989.0,1666296301.5862932
559,452.0,685.0,1077.0,1423.0,10980.0,3534.0,2529.0,2257.0,3509.0,2723.0,10975.0,3525.0,1.0,87218091.0,1666296307.4392512
560,451.0,685.0,1076.0,1423.0,10984.0,3532.0,2526.0,2257.0,3505.0,2724.0,10948.0,3518.0,1.0,87223009.0,1666296311.4700449
561,451.0,681.0,1073.0,1419.0,10864.0,3486.0,2535.0,2260.0,3521.0,2723.0,10963.0,3522.0,1.0,87228091.0,1666296317.305935
562,455.0,695.0,1097.0,1453.0,11343.0,3684.0,2586.0,2281.0,3604.0,2759.0,11343.0,3686.0,1.0,87232989.0,1666296321.2985349
563,456.0,694.0,1097.0,1453.0,11337.0,3682.0,2584.0,2281.0,3604.0,2760.0,11335.0,3681.0,1.0,87238112.0,1666296327.0646236
564,457.0,693.0,1096.0,1452.0,11325.0,3675.0,2581.0,2282.0,3602.0,2761.0,11331.0,3678.0,1.0,87242989.0,1666296331.095747
565,426.0,641.0,977.0,1315.0,9008.0,2768.0,2315.0,2204.0,3201.0,2593.0,9014.0,2774.0,1.0,87248091.0,1666296336.940913
566,425.0,642.0,979.0,1319.0,9131.0,2770.0,2322.0,2210.0,3216.0,2597.0,9059.0,2796.0,1.0,87253009.0,1666296341.0039499
567,426.0,641.0,979.0,1319.0,9044.0,2788.0,2319.0,2207.0,3213.0,2599.0,9034.0,2783.0,1.0,87258091.0,1666296346.8580213
568,431.0,648.0,989.0,1331.0,9236.0,2866.0,2336.0,2216.0,3240.0,2615.0,9184.0,2843.0,1.0,87262989.0,1666296352.5944152
569,429.0,646.0,986.0,1330.0,9287.0,2846.0,2330.0,2213.0,3225.0,2615.0,9230.0,2817.0,1.0,87268111.0,1666296356.7305617
570,429.0,646.0,984.0,1328.0,9221.0,2814.0,2331.0,2212.0,3220.0,2616.0,9216.0,2813.0,1.0,87272989.0,1666296363.6558254
571,429.0,646.0,985.0,1329.0,9210.0,2800.0,2329.0,2215.0,3220.0,2621.0,9208.0,2804.0,1.0,87278091.0,1666296368.6346638
572,431.0,648.0,990.0,1333.0,9184.0,2848.0,2340.0,2220.0,3237.0,2629.0,9192.0,2851.0,1.0,87283010.0,1666296374.4071486
573,431.0,648.0,991.0,1333.0,9199.0,2856.0,2344.0,2223.0,3246.0,2635.0,9328.0,2860.0,1.0,87288091.0,1666296378.648049
574,419.0,630.0,957.0,1291.0,9077.0,2774.0,2286.0,2165.0,3165.0,2553.0,9038.0,2787.0,1.0,87292989.0,1666296384.5649812
575,429.0,647.0,985.0,1328.0,9277.0,2832.0,2330.0,2210.0,3228.0,2620.0,9255.0,2824.0,1.0,87298111.0,1666296388.764533
576,412.0,621.0,941.0,1268.0,8910.0,2728.0,2226.0,2122.0,3053.0,2490.0,8653.0,2613.0,1.0,87302989.0,1666296394.6334527
577,422.0,635.0,968.0,1300.0,9097.0,2824.0,2303.0,2171.0,3174.0,2574.0,9137.0,2838.0,1.0,87308091.0,1666296400.6795094
578,411.0,621.0,939.0,1268.0,8743.0,2688.0,2258.0,2144.0,3128.0,2522.0,8826.0,2726.0,1.0,87313009.0,1666296404.7880678
579,417.0,629.0,959.0,1286.0,9184.0,2860.0,2289.0,2143.0,3153.0,2542.0,9190.0,2864.0,1.0,87318091.0,1666296410.7623813
580,441.0,680.0,1070.0,1429.0,11426.0,3796.0,2566.0,2223.0,3600.0,2699.0,11464.0,3807.0,1.0,87322989.0,1666296414.8460968
581,459.0,709.0,1119.0,1495.0,11856.0,3936.0,2654.0,2309.0,3727.0,2821.0,11854.0,3931.0,1.0,87328112.0,1666296420.8160717
582,458.0,707.0,1116.0,1489.0,11774.0,3892.0,2609.0,2274.0,3660.0,2808.0,11748.0,3892.0,1.0,87332989.0,1666296425.0193214
583,450.0,689.0,1086.0,1439.0,11308.0,3716.0,2569.0,2260.0,3582.0,2751.0,11316.0,3724.0,1.0,87338091.0,1666296432.8224902
584,454.0,688.0,1068.0,1425.0,10587.0,3338.0,2435.0,2279.0,3421.0,2732.0,9918.0,3096.0,1.0,87343009.0,1666296436.9579446
585,446.0,673.0,1031.0,1391.0,10078.0,3162.0,2458.0,2289.0,3461.0,2748.0,9988.0,3167.0,1.0,87348091.0,1666296442.9665334
586,444.0,670.0,1027.0,1382.0,9898.0,3100.0,2434.0,2278.0,3414.0,2735.0,9887.0,3097.0,1.0,87352989.0,1666296448.924102
587,445.0,673.0,1028.0,1386.0,9912.0,3102.0,2441.0,2286.0,3428.0,2745.0,9915.0,3105.0,1.0,87358111.0,1666296453.1804142
588,445.0,675.0,1030.0,1390.0,9898.0,3094.0,2422.0,2284.0,3412.0,2732.0,9747.0,3016.0,1.0,87362989.0,1666296459.1140301
589,445.0,674.0,1027.0,1392.0,9913.0,3084.0,2399.0,2250.0,3362.0,2683.0,9422.0,2956.0,1.0,87368091.0,1666296463.395755
590,467.0,716.0,1095.0,1520.0,11204.0,3408.0,2647.0,2374.0,3828.0,2925.0,11615.0,3619.0,1.0,87373010.0,1666296469.357078
591,469.0,716.0,1104.0,1525.0,11539.0,3574.0,2687.0,2389.0,3892.0,2940.0,11831.0,3722.0,1.0,87378091.0,1666296473.6469173
592,475.0,729.0,1116.0,1555.0,11917.0,3658.0,2608.0,2343.0,3715.0,2884.0,11320.0,3405.0,1.0,87382989.0,1666296479.5771098
593,469.0,717.0,1103.0,1534.0,11589.0,3469.0,2583.0,2334.0,3700.0,2900.0,11413.0,3410.0,1.0,87388111.0,1666296483.889626
594,461.0,706.0,1088.0,1524.0,11494.0,3472.0,2609.0,2345.0,3767.0,2919.0,11584.0,3511.0,1.0,87392989.0,1666296489.7960167
595,467.0,715.0,1104.0,1546.0,11673.0,3644.0,2578.0,2329.0,3628.0,2890.0,10797.0,3350.0,1.0,87398091.0,1666296497.683969
596,466.0,713.0,1097.0,1500.0,11068.0,3294.0,2604.0,2367.0,3689.0,2948.0,11282.0,3450.0,1.0,87403009.0,1666296502.119613
597,464.0,716.0,1104.0,1534.0,11255.0,3488.0,2632.0,2392.0,3786.0,2985.0,11608.0,3564.0,1.0,87408091.0,1666296508.3276098
598,473.0,724.0,1115.0,1527.0,11435.0,3404.0,2697.0,2413.0,3905.0,3011.0,12072.0,3712.0,1.0,87412989.0,1666296512.550949
599,481.0,742.0,1143.0,1599.0,12320.0,3746.0,2714.0,2429.0,3912.0,3036.0,12276.0,3721.0,1.0,87418112.0,1666296518.6774273
600,479.0,737.0,1130.0,1597.0,12019.0,3614.0,2706.0,2410.0,3900.0,3000.0,12083.0,3706.0,1.0,87422989.0,1666296522.9139967
601,458.0,704.0,1072.0,1476.0,10432.0,3266.0,2517.0,2345.0,3517.0,2846.0,10356.0,3263.0,1.0,87428091.0,1666296529.2090766
602,444.0,680.0,1034.0,1403.0,10247.0,3228.0,2584.0,2303.0,3613.0,2815.0,11091.0,3577.0,1.0,87433009.0,1666296533.5652578
603,460.0,706.0,1083.0,1466.0,10555.0,3280.0,2529.0,2352.0,3519.0,2852.0,10484.0,3235.0,1.0,87438091.0,1666296539.9480796
604,463.0,712.0,1081.0,1479.0,10709.0,3350.0,2446.0,2322.0,3457.0,2839.0,10003.0,3078.0,1.0,87442989.0,1666296546.4585354
605,454.0,700.0,1058.0,1446.0,10078.0,3086.0,2500.0,2354.0,3473.0,2863.0,10150.0,3094.0,1.0,87448111.0,1666296550.8464413
606,460.0,705.0,1073.0,1462.0,10256.0,3154.0,2506.0,2364.0,3492.0,2874.0,10223.0,3119.0,1.0,87452989.0,1666296557.1832125
607,460.0,707.0,1071.0,1464.0,10274.0,3140.0,2513.0,2369.0,3503.0,2884.0,10218.0,3139.0,1.0,87458091.0,1666296562.945765
608,462.0,709.0,1078.0,1471.0,10296.0,3178.0,2525.0,2378.0,3528.0,2902.0,10314.0,3181.0,1.0,87463010.0,1666296569.2987564
609,462.0,711.0,1077.0,1475.0,10344.0,3192.0,2532.0,2382.0,3534.0,2908.0,10371.0,3203.0,1.0,87468091.0,1666296573.7687244
610,463.0,712.0,1079.0,1477.0,10359.0,3202.0,2525.0,2381.0,3535.0,2909.0,10380.0,3191.0,1.0,87472989.0,1666296579.9451485
611,464.0,714.0,1081.0,1481.0,10376.0,3170.0,2529.0,2390.0,3535.0,2921.0,10407.0,3182.0,1.0,87478111.0,1666296584.4057698
612,463.0,715.0,1082.0,1483.0,10437.0,3198.0,2535.0,2390.0,3541.0,2927.0,10410.0,3204.0,1.0,87482989.0,1666296590.5161517
613,467.0,720.0,1090.0,1496.0,10491.0,3244.0,2551.0,2404.0,3573.0,2950.0,10502.0,3249.0,1.0,87488091.0,1666296596.8284633
614,470.0,726.0,1098.0,1507.0,10573.0,3274.0,2566.0,2419.0,3596.0,2973.0,10582.0,3276.0,1.0,87493009.0,1666296601.2198205
615,471.0,728.0,1102.0,1514.0,10610.0,3286.0,2574.0,2427.0,3610.0,2988.0,10629.0,3294.0,1.0,87498091.0,1666296607.5447283
616,472.0,731.0,1105.0,1520.0,10639.0,3304.0,2584.0,2433.0,3626.0,2987.0,10670.0,3305.0,1.0,87502989.0,1666296611.9049616
617,474.0,732.0,1107.0,1526.0,10672.0,3308.0,2589.0,2436.0,3634.0,2998.0,10691.0,3315.0,1.0,87508112.0,1666296618.2341843
618,474.0,734.0,1111.0,1529.0,10698.0,3318.0,2592.0,2442.0,3642.0,3005.0,10720.0,3325.0,1.0,87512989.0,1666296622.9684708
619,476.0,742.0,1117.0,1541.0,10787.0,3346.0,2605.0,2456.0,3665.0,3027.0,10795.0,3351.0,1.0,87518091.0,1666296630.7880354
620,477.0,744.0,1119.0,1546.0,10818.0,3360.0,2609.0,2458.0,3666.0,3031.0,10825.0,3363.0,1.0,87523009.0,1666296635.1380339
621,478.0,746.0,1122.0,1550.0,10849.0,3374.0,2613.0,2464.0,3675.0,3041.0,10857.0,3376.0,1.0,87528091.0,1666296641.5076692
622,479.0,747.0,1123.0,1553.0,10875.0,3384.0,2616.0,2469.0,3683.0,3048.0,10891.0,3392.0,1.0,87532989.0,1666296647.8149161
623,480.0,749.0,1126.0,1558.0,10908.0,3396.0,2622.0,2473.0,3692.0,3056.0,10909.0,3398.0,1.0,87538111.0,1666296652.37658
624,477.0,744.0,1117.0,1549.0,10876.0,3378.0,2606.0,2465.0,3674.0,3048.0,10879.0,3384.0,1.0,87542989.0,1666296658.7126048
625,480.0,749.0,1124.0,1559.0,10953.0,3400.0,2617.0,2480.0,3697.0,3070.0,10963.0,3392.0,1.0,87548091.0,1666296663.3953667
626,482.0,751.0,1127.0,1563.0,10992.0,3416.0,2622.0,2480.0,3703.0,3077.0,10994.0,3413.0,1.0,87553010.0,1666296669.9455192
627,482.0,750.0,1127.0,1565.0,11001.0,3426.0,2627.0,2486.0,3712.0,3087.0,10960.0,3439.0,1.0,87558091.0,1666296674.5612473
628,483.0,756.0,1133.0,1575.0,11044.0,3470.0,2637.0,2493.0,3729.0,3102.0,11033.0,3467.0,1.0,87562989.0,1666296680.8449771
629,477.0,747.0,1113.0,1555.0,10666.0,3324.0,2593.0,2488.0,3678.0,3087.0,10698.0,3347.0,1.0,87568111.0,1666296685.4606214
630,480.0,753.0,1123.0,1570.0,10851.0,3410.0,2608.0,2494.0,3711.0,3106.0,10864.0,3399.0,1.0,87572989.0,1666296693.0658946
631,482.0,756.0,1128.0,1579.0,10909.0,3432.0,2622.0,2503.0,3728.0,3120.0,10907.0,3433.0,1.0,87578091.0,1666296700.0596516
632,480.0,753.0,1121.0,1569.0,10786.0,3382.0,2605.0,2498.0,3701.0,3110.0,10800.0,3385.0,1.0,87583009.0,1666296704.5237677
633,481.0,755.0,1123.0,1573.0,10824.0,3396.0,2611.0,2505.0,3715.0,3121.0,10845.0,3406.0,1.0,87588091.0,1666296711.0774736
634,484.0,761.0,1131.0,1589.0,10997.0,3470.0,2633.0,2518.0,3758.0,3152.0,11010.0,3478.0,1.0,87592989.0,1666296715.5713432
635,483.0,760.0,1128.0,1587.0,10984.0,3474.0,2620.0,2509.0,3739.0,3133.0,10939.0,3444.0,1.0,87598112.0,1666296722.1495044
636,482.0,758.0,1123.0,1576.0,10831.0,3412.0,2615.0,2511.0,3725.0,3135.0,10865.0,3428.0,1.0,87602989.0,1666296726.689351
637,487.0,764.0,1133.0,1595.0,11080.0,3504.0,2654.0,2534.0,3805.0,3188.0,11181.0,3560.0,1.0,87608091.0,1666296733.320061
638,488.0,770.0,1139.0,1605.0,11224.0,3580.0,2657.0,2537.0,3819.0,3193.0,11227.0,3580.0,1.0,87613009.0,1666296737.8304229
639,490.0,772.0,1142.0,1611.0,11320.0,3586.0,2662.0,2544.0,3830.0,3207.0,11295.0,3581.0,1.0,87618091.0,1666296744.4148915
640,489.0,774.0,1144.0,1613.0,11319.0,3594.0,2668.0,2547.0,3839.0,3214.0,11336.0,3599.0,1.0,87622989.0,1666296750.8593466
641,491.0,774.0,1145.0,1615.0,11354.0,3610.0,2669.0,2551.0,3847.0,3216.0,11356.0,3618.0,1.0,87628111.0,1666296756.3681803
642,492.0,776.0,1147.0,1620.0,11407.0,3634.0,2676.0,2556.0,3857.0,3228.0,11403.0,3634.0,1.0,87632989.0,1666296763.695649
643,491.0,776.0,1146.0,1621.0,11384.0,3626.0,2662.0,2551.0,3829.0,3226.0,11312.0,3596.0,1.0,87638091.0,1666296768.286318
644,490.0,775.0,1143.0,1611.0,11301.0,3592.0,2658.0,2549.0,3819.0,3221.0,11286.0,3590.0,1.0,87643010.0,1666296774.7356124
645,490.0,775.0,1144.0,1614.0,11311.0,3598.0,2659.0,2551.0,3820.0,3220.0,11279.0,3588.0,1.0,87648091.0,1666296779.4020326
646,491.0,775.0,1142.0,1615.0,11265.0,3578.0,2658.0,2554.0,3821.0,3227.0,11294.0,3592.0,1.0,87652989.0,1666296785.8740737
647,490.0,775.0,1143.0,1614.0,11273.0,3588.0,2660.0,2557.0,3827.0,3236.0,11324.0,3609.0,1.0,87658111.0,1666296790.596593
648,491.0,776.0,1145.0,1618.0,11307.0,3602.0,2667.0,2560.0,3831.0,3242.0,11344.0,3614.0,1.0,87662989.0,1666296797.1464658
649,493.0,782.0,1149.0,1631.0,11491.0,3662.0,2674.0,2565.0,3865.0,3255.0,11465.0,3657.0,1.0,87668091.0,1666296803.8283987
650,495.0,783.0,1152.0,1638.0,11542.0,3694.0,2687.0,2573.0,3892.0,3268.0,11557.0,3692.0,1.0,87673009.0,1666296808.6294017
651,495.0,785.0,1154.0,1641.0,11589.0,3706.0,2684.0,2566.0,3880.0,3244.0,11485.0,3674.0,1.0,87678091.0,1666296815.3814068
652,495.0,785.0,1155.0,1639.0,11558.0,3720.0,2596.0,2507.0,3702.0,3198.0,10989.0,3496.0,1.0,87682989.0,1666296820.6449509
653,493.0,784.0,1151.0,1636.0,11488.0,3694.0,2686.0,2571.0,3867.0,3266.0,11507.0,3696.0,1.0,87688112.0,1666296828.6750674
654,494.0,785.0,1153.0,1638.0,11542.0,3730.0,2686.0,2573.0,3873.0,3270.0,11525.0,3710.0,1.0,87692989.0,1666296833.2259657
655,494.0,784.0,1153.0,1638.0,11533.0,3714.0,2686.0,2571.0,3876.0,3275.0,11540.0,3722.0,1.0,87698091.0,1666296839.8550646
656,492.0,780.0,1146.0,1626.0,11387.0,3662.0,2667.0,2563.0,3838.0,3250.0,11390.0,3660.0,1.0,87703009.0,1666296844.458625
657,491.0,782.0,1147.0,1629.0,11387.0,3654.0,2675.0,2569.0,3859.0,3264.0,11472.0,3688.0,1.0,87708091.0,1666296851.2474697
658,493.0,782.0,1148.0,1631.0,11397.0,3660.0,2670.0,2571.0,3843.0,3268.0,11421.0,3664.0,1.0,87712989.0,1666296857.8777194
659,494.0,785.0,1152.0,1635.0,11446.0,3678.0,2676.0,2574.0,3856.0,3270.0,11451.0,3680.0,1.0,87718111.0,1666296862.6450386
660,496.0,787.0,1155.0,1642.0,11481.0,3692.0,2679.0,2575.0,3862.0,3277.0,11495.0,3699.0,1.0,87722989.0,1666296869.1833794
661,496.0,788.0,1155.0,1646.0,11540.0,3716.0,2696.0,2586.0,3894.0,3294.0,11592.0,3778.0,1.0,87728091.0,1666296874.1135495
662,499.0,794.0,1163.0,1662.0,11630.0,3784.0,2709.0,2593.0,3917.0,3309.0,11664.0,3800.0,1.0,87733010.0,1666296880.769739
663,498.0,793.0,1163.0,1662.0,11643.0,3796.0,2706.0,2590.0,3916.0,3299.0,11657.0,3795.0,1.0,87738091.0,1666296886.1869051
664,498.0,794.0,1162.0,1660.0,11671.0,3804.0,2712.0,2591.0,3919.0,3299.0,11681.0,3816.0,1.0,87742989.0,1666296893.976129
665,498.0,792.0,1162.0,1660.0,11611.0,3784.0,2701.0,2561.0,3879.0,3243.0,11506.0,3681.0,1.0,87748111.0,1666296898.74032
666,496.0,784.0,1150.0,1647.0,11473.0,3688.0,2706.0,2587.0,3916.0,3289.0,11642.0,3803.0,1.0,87752989.0,1666296905.359025
667,497.0,791.0,1157.0,1653.0,11496.0,3744.0,2717.0,2595.0,3932.0,3301.0,11707.0,3828.0,1.0,87758091.0,1666296912.244121
668,497.0,790.0,1157.0,1645.0,11482.0,3742.0,2688.0,2581.0,3871.0,3281.0,11502.0,3752.0,1.0,87763009.0,1666296916.8652747
669,497.0,791.0,1157.0,1647.0,11511.0,3754.0,2684.0,2576.0,3869.0,3278.0,11515.0,3750.0,1.0,87768091.0,1666296923.7721717
670,498.0,792.0,1157.0,1655.0,11610.0,3794.0,2708.0,2591.0,3923.0,3321.0,11709.0,3823.0,1.0,87772989.0,1666296928.446599
671,499.0,792.0,1158.0,1660.0,11676.0,3808.0,2709.0,2594.0,3927.0,3322.0,11783.0,3838.0,1.0,87778112.0,1666296935.2242737
672,499.0,795.0,1162.0,1663.0,11784.0,3842.0,2711.0,2592.0,3928.0,3324.0,11798.0,3850.0,1.0,87782989.0,1666296939.8770065
673,498.0,789.0,1154.0,1643.0,11533.0,3718.0,2592.0,2506.0,3759.0,3272.0,11453.0,3702.0,1.0,87788091.0,1666296946.6729634
674,503.0,818.0,1191.0,1697.0,11785.0,3786.0,2748.0,2635.0,3983.0,3383.0,11822.0,3791.0,1.0,87793009.0,1666296952.030429
675,505.0,827.0,1203.0,1710.0,11844.0,3796.0,2756.0,2643.0,4000.0,3396.0,11846.0,3797.0,1.0,87798091.0,1666296959.9633934
676,504.0,822.0,1197.0,1702.0,11826.0,3802.0,2750.0,2636.0,3992.0,3389.0,11835.0,3800.0,1.0,87802989.0,1666296966.6571999
677,469.0,751.0,1101.0,1566.0,10285.0,3248.0,2559.0,2490.0,3645.0,3187.0,10528.0,3317.0,1.0,87808111.0,1666296971.4954789
678,484.0,785.0,1143.0,1616.0,10610.0,3354.0,2581.0,2506.0,3678.0,3207.0,10571.0,3351.0,1.0,87812989.0,1666296978.1620002
679,485.0,786.0,1143.0,1614.0,10609.0,3364.0,2594.0,2519.0,3696.0,3223.0,10602.0,3361.0,1.0,87818091.0,1666296983.0006685
680,477.0,769.0,1126.0,1596.0,10520.0,3340.0,2565.0,2494.0,3660.0,3206.0,10552.0,3362.0,1.0,87823010.0,1666296989.687821
681,482.0,776.0,1132.0,1601.0,10547.0,3366.0,2568.0,2493.0,3669.0,3211.0,10623.0,3376.0,1.0,87828091.0,1666296994.522076
682,479.0,771.0,1132.0,1619.0,10944.0,3438.0,2574.0,2495.0,3716.0,3241.0,10913.0,3438.0,1.0,87832989.0,1666297001.201746
683,480.0,777.0,1141.0,1632.0,11096.0,3480.0,2570.0,2494.0,3689.0,3221.0,10747.0,3416.0,1.0,87838111.0,1666297006.0667133
684,483.0,774.0,1130.0,1603.0,10628.0,3406.0,2580.0,2502.0,3682.0,3213.0,10641.0,3413.0,1.0,87842989.0,1666297012.8768888
685,480.0,769.0,1130.0,1612.0,10907.0,3452.0,2479.0,2408.0,3628.0,3233.0,11136.0,3510.0,1.0,87848091.0,1666297021.165162
686,483.0,770.0,1129.0,1609.0,10814.0,3444.0,2558.0,2482.0,3683.0,3221.0,10794.0,3443.0,1.0,87853009.0,1666297026.1510632
687,483.0,770.0,1128.0,1608.0,10806.0,3444.0,2558.0,2485.0,3683.0,3222.0,10800.0,3450.0,1.0,87858091.0,1666297033.0433366
688,482.0,773.0,1131.0,1605.0,10798.0,3448.0,2719.0,2606.0,3912.0,3345.0,11632.0,3807.0,1.0,87862989.0,1666297037.7986927
689,468.0,729.0,1071.0,1556.0,10756.0,3512.0,2255.0,2231.0,3258.0,2992.0,9758.0,3139.0,1.0,87868112.0,1666297044.7946904
690,481.0,764.0,1109.0,1585.0,10564.0,3368.0,2564.0,2488.0,3663.0,3172.0,10573.0,3371.0,1.0,87872989.0,1666297049.6307018
691,483.0,769.0,1114.0,1590.0,10588.0,3375.0,2576.0,2497.0,3683.0,3185.0,10607.0,3384.0,1.0,87878091.0,1666297056.591746
692,481.0,768.0,1112.0,1588.0,10592.0,3382.0,2573.0,2494.0,3681.0,3182.0,10603.0,3390.0,1.0,87883009.0,1666297061.3668215
693,481.0,770.0,1114.0,1589.0,10603.0,3388.0,2555.0,2478.0,3662.0,3180.0,10590.0,3387.0,1.0,87888091.0,1666297068.5031774
694,476.0,760.0,1103.0,1577.0,10554.0,3384.0,2498.0,2431.0,3588.0,3143.0,10508.0,3380.0,1.0,87892989.0,1666297075.5249255
695,477.0,761.0,1106.0,1580.0,10565.0,3388.0,2544.0,2469.0,3648.0,3174.0,10587.0,3396.0,1.0,87898111.0,1666297080.648995
696,476.0,755.0,1096.0,1567.0,10525.0,3390.0,2530.0,2455.0,3627.0,3161.0,10540.0,3393.0,1.0,87902989.0,1666297089.0683885
697,479.0,764.0,1108.0,1581.0,10570.0,3400.0,2547.0,2473.0,3648.0,3176.0,10584.0,3405.0,1.0,87908091.0,1666297094.0089462
698,480.0,765.0,1109.0,1582.0,10581.0,3406.0,2546.0,2469.0,3647.0,3173.0,10584.0,3410.0,1.0,87913010.0,1666297100.850661
699,480.0,763.0,1108.0,1579.0,10576.0,3412.0,2546.0,2470.0,3652.0,3175.0,10593.0,3420.0,1.0,87918091.0,1666297105.8475027
700,479.0,763.0,1108.0,1580.0,10583.0,3418.0,2545.0,2469.0,3645.0,3176.0,10593.0,3423.0,1.0,87922989.0,1666297112.9830523
701,471.0,730.0,1063.0,1526.0,10416.0,3412.0,2473.0,2400.0,3524.0,3085.0,10408.0,3411.0,1.0,87928111.0,1666297118.03966
702,480.0,767.0,1113.0,1584.0,10621.0,3430.0,2551.0,2478.0,3660.0,3186.0,10618.0,3432.0,1.0,87932989.0,1666297125.0242302
703,484.0,774.0,1119.0,1591.0,10644.0,3444.0,2552.0,2480.0,3662.0,3188.0,10637.0,3441.0,1.0,87938091.0,1666297132.179605
704,483.0,772.0,1117.0,1589.0,10637.0,3444.0,2572.0,2495.0,3676.0,3194.0,10647.0,3445.0,1.0,87943009.0,1666297137.0623984
705,483.0,772.0,1118.0,1591.0,10659.0,3450.0,2568.0,2495.0,3676.0,3196.0,10656.0,3451.0,1.0,87948091.0,1666297144.1924703
706,483.0,771.0,1117.0,1589.0,10660.0,3458.0,2563.0,2490.0,3671.0,3190.0,10645.0,3454.0,1.0,87952989.0,1666297149.997564
707,484.0,772.0,1117.0,1587.0,10639.0,3456.0,2546.0,2472.0,3634.0,3163.0,10583.0,3453.0,1.0,87958112.0,1666297157.8704503
708,475.0,731.0,1065.0,1528.0,10443.0,3452.0,2497.0,2425.0,3543.0,3095.0,10448.0,3454.0,1.0,87962989.0,1666297162.8068008
709,475.0,731.0,1064.0,1519.0,10390.0,3446.0,2515.0,2441.0,3544.0,3112.0,10414.0,3519.0,1.0,87968091.0,1666297169.8643923
710,503.0,786.0,1160.0,1671.0,12311.0,3986.0,2790.0,2527.0,4096.0,3256.0,12580.0,4144.0,1.0,87973009.0,1666297174.7786398
711,485.0,757.0,1113.0,1602.0,11556.0,3876.0,2691.0,2497.0,3940.0,3208.0,11737.0,3923.0,1.0,87978091.0,1666297182.062687
712,491.0,767.0,1126.0,1622.0,11638.0,3870.0,2687.0,2497.0,3919.0,3198.0,11623.0,3869.0,1.0,87982989.0,1666297189.0963387
713,490.0,763.0,1121.0,1614.0,11493.0,3808.0,2672.0,2487.0,3891.0,3180.0,11532.0,3826.0,1.0,87988111.0,1666297194.191229
714,490.0,765.0,1123.0,1616.0,11535.0,3832.0,2674.0,2490.0,3893.0,3181.0,11549.0,3836.0,1.0,87992989.0,1666297201.2311673
715,491.0,764.0,1124.0,1615.0,11546.0,3838.0,2679.0,2494.0,3899.0,3189.0,11566.0,3858.0,1.0,87998091.0,1666297206.281511
716,492.0,767.0,1128.0,1613.0,11653.0,3890.0,2687.0,2500.0,3931.0,3220.0,11720.0,3924.0,1.0,88003010.0,1666297213.8570912
717,492.0,765.0,1126.0,1613.0,11658.0,3900.0,2756.0,2530.0,4059.0,3316.0,12380.0,4095.0,1.0,88008091.0,1666297220.0008738
718,518.0,816.0,1208.0,1732.0,13357.0,4244.0,2811.0,2604.0,4023.0,3375.0,12642.0,3987.0,1.0,88012989.0,1666297227.0415576
719,519.0,809.0,1208.0,1701.0,13046.0,4094.0,2841.0,2630.0,4096.0,3421.0,13089.0,4116.0,1.0,88018111.0,1666297232.194072
720,523.0,822.0,1223.0,1731.0,13347.0,4240.0,2921.0,2661.0,4209.0,3474.0,13601.0,4390.0,1.0,88022989.0,1666297239.171741
721,528.0,830.0,1239.0,1762.0,13598.0,4378.0,2924.0,2665.0,4208.0,3479.0,13604.0,4381.0,1.0,88028091.0,1666297246.4593248
722,528.0,831.0,1239.0,1765.0,13594.0,4380.0,2922.0,2663.0,4206.0,3478.0,13595.0,4381.0,1.0,88033009.0,1666297251.4318342
723,528.0,827.0,1233.0,1759.0,13552.0,4346.0,2917.0,2664.0,4241.0,3472.0,13672.0,4374.0,1.0,88038091.0,1666297258.6145475
724,527.0,827.0,1228.0,1764.0,13684.0,4380.0,2922.0,2664.0,4244.0,3474.0,13689.0,4377.0,1.0,88042989.0,1666297263.5981033
725,527.0,826.0,1228.0,1763.0,13668.0,4372.0,2916.0,2665.0,4238.0,3472.0,13685.0,4377.0,1.0,88048112.0,1666297270.9939568
726,526.0,827.0,1225.0,1761.0,13649.0,4362.0,2910.0,2662.0,4228.0,3470.0,13630.0,4358.0,1.0,88052989.0,1666297275.985576
727,527.0,826.0,1226.0,1762.0,13679.0,4378.0,2918.0,2667.0,4238.0,3477.0,13702.0,4391.0,1.0,88058091.0,1666297284.7286115
728,527.0,826.0,1227.0,1766.0,13696.0,4388.0,2919.0,2670.0,4247.0,3482.0,13716.0,4396.0,1.0,88063009.0,1666297289.6743245
729,528.0,828.0,1235.0,1762.0,13628.0,4376.0,2913.0,2670.0,4195.0,3485.0,13615.0,4373.0,1.0,88068091.0,1666297296.9533248
