,timestamp_ns,signal,signal_dimensions,sensor_id,accuracy,epoch
0,6538000000.0,50.0,1.0,1.0,0.0,1664576200.2772632
1,6538000000.0,600.0,1.0,3.0,0.0,1664576200.2772632
2,6538000000.0,0.49999991059303284,1.0,4.0,0.0,1664576200.2772632
3,6538000000.0,22.03301239013672,1.0,6.0,0.0,1664576200.2772632
4,6538000000.0,102127.53125,1.0,7.0,0.0,1664576200.2772632
5,6538000000.0,35.169246673583984,1.0,8.0,0.0,1664576200.2772632
6,6538000000.0,54306.3203125,1.0,9.0,0.0,1664576200.2772632
7,6538000000.0,1.0,1.0,12.0,0.0,1664576200.2772632
8,6538000000.0,0.0,1.0,13.0,0.0,1664576200.2772632
9,9538000000.0,50.0,1.0,1.0,0.0,1664576200.2772632
10,9538000000.0,600.0,1.0,3.0,0.0,1664576200.2772632
11,0.0,0.0,0.0,0.0,0.0,1664576200.2772632
12,0.0,0.0,0.0,0.0,0.0,1664576200.2772632
13,0.0,0.0,0.0,0.0,0.0,1664576200.2772632
14,0.0,0.0,0.0,0.0,0.0,1664576200.2772632
15,0.0,0.0,0.0,0.0,0.0,1664576200.2772632
16,0.0,0.0,0.0,0.0,0.0,1664576200.2772632
17,0.0,0.0,0.0,0.0,0.0,1664576200.2772632
18,0.0,0.0,0.0,0.0,0.0,1664576200.2772632
19,0.0,0.0,0.0,0.0,0.0,1664576200.2772632
20,0.0,0.0,0.0,0.0,0.0,1664576200.2772632
21,0.0,0.0,0.0,0.0,0.0,1664576200.2772632
22,0.0,0.0,0.0,0.0,0.0,1664576200.2772632
23,0.0,0.0,0.0,0.0,0.0,1664576200.2772632
24,0.0,0.0,0.0,0.0,0.0,1664576200.2772632
25,0.0,0.0,0.0,0.0,0.0,1664576200.2772632
26,0.0,0.0,0.0,0.0,0.0,1664576200.2772632
27,15538000000.0,50.0,1.0,1.0,0.0,1664576209.274934
28,15538000000.0,600.0,1.0,3.0,0.0,1664576209.274934
29,15538000000.0,0.49999991059303284,1.0,4.0,0.0,1664576209.274934
30,15538000000.0,22.119247436523438,1.0,6.0,0.0,1664576209.274934
31,15538000000.0,102127.96875,1.0,7.0,0.0,1664576209.274934
32,15538000000.0,34.9277458190918,1.0,8.0,0.0,1664576209.274934
33,15538000000.0,75227.7421875,1.0,9.0,0.0,1664576209.274934
34,15538000000.0,1.0,1.0,12.0,0.0,1664576209.274934
35,15538000000.0,0.0,1.0,13.0,0.0,1664576209.274934
36,18538000000.0,50.0,1.0,1.0,0.0,1664576209.274934
37,18538000000.0,600.0,1.0,3.0,0.0,1664576209.274934
38,0.0,0.0,0.0,0.0,0.0,1664576209.274934
39,0.0,0.0,0.0,0.0,0.0,1664576209.274934
40,0.0,0.0,0.0,0.0,0.0,1664576209.274934
41,0.0,0.0,0.0,0.0,0.0,1664576209.274934
42,0.0,0.0,0.0,0.0,0.0,1664576209.274934
43,0.0,0.0,0.0,0.0,0.0,1664576209.274934
44,0.0,0.0,0.0,0.0,0.0,1664576209.274934
45,0.0,0.0,0.0,0.0,0.0,1664576209.274934
46,0.0,0.0,0.0,0.0,0.0,1664576209.274934
47,0.0,0.0,0.0,0.0,0.0,1664576209.274934
48,0.0,0.0,0.0,0.0,0.0,1664576209.274934
49,0.0,0.0,0.0,0.0,0.0,1664576209.274934
50,0.0,0.0,0.0,0.0,0.0,1664576209.274934
51,0.0,0.0,0.0,0.0,0.0,1664576209.274934
52,0.0,0.0,0.0,0.0,0.0,1664576209.274934
53,0.0,0.0,0.0,0.0,0.0,1664576209.274934
54,24538000000.0,50.0,1.0,1.0,0.0,1664576218.27647
55,24538000000.0,600.0,1.0,3.0,0.0,1664576218.27647
56,24538000000.0,0.49999991059303284,1.0,4.0,0.0,1664576218.27647
57,24538000000.0,22.175045013427734,1.0,6.0,0.0,1664576218.27647
58,24538000000.0,102128.0390625,1.0,7.0,0.0,1664576218.27647
59,24538000000.0,34.74033737182617,1.0,8.0,0.0,1664576218.27647
60,24538000000.0,77693.4765625,1.0,9.0,0.0,1664576218.27647
61,24538000000.0,1.0,1.0,12.0,0.0,1664576218.27647
62,24538000000.0,0.0,1.0,13.0,0.0,1664576218.27647
63,27538000000.0,50.0,1.0,1.0,0.0,1664576218.27647
64,27538000000.0,600.0,1.0,3.0,0.0,1664576218.27647
65,0.0,0.0,0.0,0.0,0.0,1664576218.27647
66,0.0,0.0,0.0,0.0,0.0,1664576218.27647
67,0.0,0.0,0.0,0.0,0.0,1664576218.27647
68,0.0,0.0,0.0,0.0,0.0,1664576218.27647
69,0.0,0.0,0.0,0.0,0.0,1664576218.27647
70,0.0,0.0,0.0,0.0,0.0,1664576218.27647
71,0.0,0.0,0.0,0.0,0.0,1664576218.27647
72,0.0,0.0,0.0,0.0,0.0,1664576218.27647
73,0.0,0.0,0.0,0.0,0.0,1664576218.27647
74,0.0,0.0,0.0,0.0,0.0,1664576218.27647
75,0.0,0.0,0.0,0.0,0.0,1664576218.27647
76,0.0,0.0,0.0,0.0,0.0,1664576218.27647
77,0.0,0.0,0.0,0.0,0.0,1664576218.27647
78,0.0,0.0,0.0,0.0,0.0,1664576218.27647
79,0.0,0.0,0.0,0.0,0.0,1664576218.27647
80,0.0,0.0,0.0,0.0,0.0,1664576218.27647
81,33538000000.0,50.0,1.0,1.0,0.0,1664576227.290591
82,33538000000.0,600.0,1.0,3.0,0.0,1664576227.290591
83,33538000000.0,0.49999991059303284,1.0,4.0,0.0,1664576227.290591
84,33538000000.0,22.215627670288086,1.0,6.0,0.0,1664576227.290591
85,33538000000.0,102126.7109375,1.0,7.0,0.0,1664576227.290591
86,33538000000.0,34.61394119262695,1.0,8.0,0.0,1664576227.290591
87,33538000000.0,78987.96875,1.0,9.0,0.0,1664576227.290591
88,33538000000.0,1.0,1.0,12.0,0.0,1664576227.290591
89,33538000000.0,0.0,1.0,13.0,0.0,1664576227.290591
90,36538000000.0,50.0,1.0,1.0,0.0,1664576227.290591
91,36538000000.0,600.0,1.0,3.0,0.0,1664576227.290591
92,0.0,0.0,0.0,0.0,0.0,1664576227.290591
93,0.0,0.0,0.0,0.0,0.0,1664576227.290591
94,0.0,0.0,0.0,0.0,0.0,1664576227.290591
95,0.0,0.0,0.0,0.0,0.0,1664576227.290591
96,0.0,0.0,0.0,0.0,0.0,1664576227.290591
97,0.0,0.0,0.0,0.0,0.0,1664576227.290591
98,0.0,0.0,0.0,0.0,0.0,1664576227.290591
99,0.0,0.0,0.0,0.0,0.0,1664576227.290591
100,0.0,0.0,0.0,0.0,0.0,1664576227.290591
101,0.0,0.0,0.0,0.0,0.0,1664576227.290591
102,0.0,0.0,0.0,0.0,0.0,1664576227.290591
103,0.0,0.0,0.0,0.0,0.0,1664576227.290591
104,0.0,0.0,0.0,0.0,0.0,1664576227.290591
105,0.0,0.0,0.0,0.0,0.0,1664576227.290591
106,0.0,0.0,0.0,0.0,0.0,1664576227.290591
107,0.0,0.0,0.0,0.0,0.0,1664576227.290591
108,42538000000.0,50.0,1.0,1.0,0.0,1664576236.290726
109,42538000000.0,600.0,1.0,3.0,0.0,1664576236.290726
110,42538000000.0,0.49999991059303284,1.0,4.0,0.0,1664576236.290726
111,42538000000.0,22.223237991333008,1.0,6.0,0.0,1664576236.290726
112,42538000000.0,102128.546875,1.0,7.0,0.0,1664576236.290726
113,42538000000.0,34.563743591308594,1.0,8.0,0.0,1664576236.290726
114,42538000000.0,80100.125,1.0,9.0,0.0,1664576236.290726
115,42538000000.0,1.0,1.0,12.0,0.0,1664576236.290726
116,42538000000.0,0.0,1.0,13.0,0.0,1664576236.290726
117,45538000000.0,50.0,1.0,1.0,0.0,1664576236.290726
118,45538000000.0,600.0,1.0,3.0,0.0,1664576236.290726
119,0.0,0.0,0.0,0.0,0.0,1664576236.290726
120,0.0,0.0,0.0,0.0,0.0,1664576236.290726
121,0.0,0.0,0.0,0.0,0.0,1664576236.290726
122,0.0,0.0,0.0,0.0,0.0,1664576236.290726
123,0.0,0.0,0.0,0.0,0.0,1664576236.290726
124,0.0,0.0,0.0,0.0,0.0,1664576236.290726
125,0.0,0.0,0.0,0.0,0.0,1664576236.290726
126,0.0,0.0,0.0,0.0,0.0,1664576236.290726
127,0.0,0.0,0.0,0.0,0.0,1664576236.290726
128,0.0,0.0,0.0,0.0,0.0,1664576236.290726
129,0.0,0.0,0.0,0.0,0.0,1664576236.290726
130,0.0,0.0,0.0,0.0,0.0,1664576236.290726
131,0.0,0.0,0.0,0.0,0.0,1664576236.290726
132,0.0,0.0,0.0,0.0,0.0,1664576236.290726
133,0.0,0.0,0.0,0.0,0.0,1664576236.290726
134,0.0,0.0,0.0,0.0,0.0,1664576236.290726
135,51538000000.0,50.0,1.0,1.0,0.0,1664576245.291925
136,51538000000.0,600.0,1.0,3.0,0.0,1664576245.291925
137,51538000000.0,0.49999991059303284,1.0,4.0,0.0,1664576245.291925
138,51538000000.0,22.213092803955078,1.0,6.0,0.0,1664576245.291925
139,51538000000.0,102126.796875,1.0,7.0,0.0,1664576245.291925
140,51538000000.0,34.50624465942383,1.0,8.0,0.0,1664576245.291925
141,51538000000.0,80553.8046875,1.0,9.0,0.0,1664576245.291925
142,51538000000.0,1.0,1.0,12.0,0.0,1664576245.291925
143,51538000000.0,0.0,1.0,13.0,0.0,1664576245.291925
144,54538000000.0,50.0,1.0,1.0,0.0,1664576245.291925
145,54538000000.0,600.0,1.0,3.0,0.0,1664576245.291925
146,0.0,0.0,0.0,0.0,0.0,1664576245.291925
147,0.0,0.0,0.0,0.0,0.0,1664576245.291925
148,0.0,0.0,0.0,0.0,0.0,1664576245.291925
149,0.0,0.0,0.0,0.0,0.0,1664576245.291925
150,0.0,0.0,0.0,0.0,0.0,1664576245.291925
151,0.0,0.0,0.0,0.0,0.0,1664576245.291925
152,0.0,0.0,0.0,0.0,0.0,1664576245.291925
153,0.0,0.0,0.0,0.0,0.0,1664576245.291925
154,0.0,0.0,0.0,0.0,0.0,1664576245.291925
155,0.0,0.0,0.0,0.0,0.0,1664576245.291925
156,0.0,0.0,0.0,0.0,0.0,1664576245.291925
157,0.0,0.0,0.0,0.0,0.0,1664576245.291925
158,0.0,0.0,0.0,0.0,0.0,1664576245.291925
159,0.0,0.0,0.0,0.0,0.0,1664576245.291925
160,0.0,0.0,0.0,0.0,0.0,1664576245.291925
161,0.0,0.0,0.0,0.0,0.0,1664576245.291925
162,60538000000.0,50.0,1.0,1.0,0.0,1664576254.293466
163,60538000000.0,600.0,1.0,3.0,0.0,1664576254.293466
164,60538000000.0,0.49999991059303284,1.0,4.0,0.0,1664576254.293466
165,60538000000.0,22.230846405029297,1.0,6.0,0.0,1664576254.293466
166,60538000000.0,102127.9453125,1.0,7.0,0.0,1664576254.293466
167,60538000000.0,34.507904052734375,1.0,8.0,0.0,1664576254.293466
168,60538000000.0,80706.1796875,1.0,9.0,0.0,1664576254.293466
169,60538000000.0,1.0,1.0,12.0,0.0,1664576254.293466
170,60538000000.0,0.0,1.0,13.0,0.0,1664576254.293466
171,63538000000.0,50.0,1.0,1.0,0.0,1664576254.293466
172,63538000000.0,600.0,1.0,3.0,0.0,1664576254.293466
173,0.0,0.0,0.0,0.0,0.0,1664576254.293466
174,0.0,0.0,0.0,0.0,0.0,1664576254.293466
175,0.0,0.0,0.0,0.0,0.0,1664576254.293466
176,0.0,0.0,0.0,0.0,0.0,1664576254.293466
177,0.0,0.0,0.0,0.0,0.0,1664576254.293466
178,0.0,0.0,0.0,0.0,0.0,1664576254.293466
179,0.0,0.0,0.0,0.0,0.0,1664576254.293466
180,0.0,0.0,0.0,0.0,0.0,1664576254.293466
181,0.0,0.0,0.0,0.0,0.0,1664576254.293466
182,0.0,0.0,0.0,0.0,0.0,1664576254.293466
183,0.0,0.0,0.0,0.0,0.0,1664576254.293466
184,0.0,0.0,0.0,0.0,0.0,1664576254.293466
185,0.0,0.0,0.0,0.0,0.0,1664576254.293466
186,0.0,0.0,0.0,0.0,0.0,1664576254.293466
187,0.0,0.0,0.0,0.0,0.0,1664576254.293466
188,0.0,0.0,0.0,0.0,0.0,1664576254.293466
189,69538000000.0,50.0,1.0,1.0,0.0,1664576263.29329
190,69538000000.0,600.0,1.0,3.0,0.0,1664576263.29329
191,69538000000.0,0.49999991059303284,1.0,4.0,0.0,1664576263.29329
192,69538000000.0,22.271427154541016,1.0,6.0,0.0,1664576263.29329
193,69538000000.0,102125.3828125,1.0,7.0,0.0,1664576263.29329
194,69538000000.0,34.466453552246094,1.0,8.0,0.0,1664576263.29329
195,69538000000.0,80859.125,1.0,9.0,0.0,1664576263.29329
196,69538000000.0,1.0,1.0,12.0,0.0,1664576263.29329
197,69538000000.0,0.0,1.0,13.0,0.0,1664576263.29329
198,72538000000.0,50.0,1.0,1.0,0.0,1664576263.29329
199,72538000000.0,600.0,1.0,3.0,0.0,1664576263.29329
200,0.0,0.0,0.0,0.0,0.0,1664576263.29329
201,0.0,0.0,0.0,0.0,0.0,1664576263.29329
202,0.0,0.0,0.0,0.0,0.0,1664576263.29329
203,0.0,0.0,0.0,0.0,0.0,1664576263.29329
204,0.0,0.0,0.0,0.0,0.0,1664576263.29329
205,0.0,0.0,0.0,0.0,0.0,1664576263.29329
206,0.0,0.0,0.0,0.0,0.0,1664576263.29329
207,0.0,0.0,0.0,0.0,0.0,1664576263.29329
208,0.0,0.0,0.0,0.0,0.0,1664576263.29329
209,0.0,0.0,0.0,0.0,0.0,1664576263.29329
210,0.0,0.0,0.0,0.0,0.0,1664576263.29329
211,0.0,0.0,0.0,0.0,0.0,1664576263.29329
212,0.0,0.0,0.0,0.0,0.0,1664576263.29329
213,0.0,0.0,0.0,0.0,0.0,1664576263.29329
214,0.0,0.0,0.0,0.0,0.0,1664576263.29329
215,0.0,0.0,0.0,0.0,0.0,1664576263.29329
216,78538000000.0,50.0,1.0,1.0,0.0,1664576272.3089
217,78538000000.0,600.0,1.0,3.0,0.0,1664576272.3089
218,78538000000.0,0.49999991059303284,1.0,4.0,0.0,1664576272.3089
219,78538000000.0,22.268892288208008,1.0,6.0,0.0,1664576272.3089
220,78538000000.0,102126.328125,1.0,7.0,0.0,1664576272.3089
221,78538000000.0,34.42665100097656,1.0,8.0,0.0,1664576272.3089
222,78538000000.0,81089.640625,1.0,9.0,0.0,1664576272.3089
223,78538000000.0,1.0,1.0,12.0,0.0,1664576272.3089
224,78538000000.0,0.0,1.0,13.0,0.0,1664576272.3089
225,81538000000.0,50.0,1.0,1.0,0.0,1664576272.3089
226,81538000000.0,600.0,1.0,3.0,0.0,1664576272.3089
227,0.0,0.0,0.0,0.0,0.0,1664576272.3089
228,0.0,0.0,0.0,0.0,0.0,1664576272.3089
229,0.0,0.0,0.0,0.0,0.0,1664576272.3089
230,0.0,0.0,0.0,0.0,0.0,1664576272.3089
231,0.0,0.0,0.0,0.0,0.0,1664576272.3089
232,0.0,0.0,0.0,0.0,0.0,1664576272.3089
233,0.0,0.0,0.0,0.0,0.0,1664576272.3089
234,0.0,0.0,0.0,0.0,0.0,1664576272.3089
235,0.0,0.0,0.0,0.0,0.0,1664576272.3089
236,0.0,0.0,0.0,0.0,0.0,1664576272.3089
237,0.0,0.0,0.0,0.0,0.0,1664576272.3089
238,0.0,0.0,0.0,0.0,0.0,1664576272.3089
239,0.0,0.0,0.0,0.0,0.0,1664576272.3089
240,0.0,0.0,0.0,0.0,0.0,1664576272.3089
241,0.0,0.0,0.0,0.0,0.0,1664576272.3089
242,0.0,0.0,0.0,0.0,0.0,1664576272.3089
243,87538000000.0,50.0,1.0,1.0,0.0,1664576281.309474
244,87538000000.0,600.0,1.0,3.0,0.0,1664576281.309474
245,87538000000.0,0.49999991059303284,1.0,4.0,0.0,1664576281.309474
246,87538000000.0,22.276500701904297,1.0,6.0,0.0,1664576281.309474
247,87538000000.0,102128.5234375,1.0,7.0,0.0,1664576281.309474
248,87538000000.0,34.39345169067383,1.0,8.0,0.0,1664576281.309474
249,87538000000.0,81632.65625,1.0,9.0,0.0,1664576281.309474
250,87538000000.0,1.0,1.0,12.0,0.0,1664576281.309474
251,87538000000.0,0.0,1.0,13.0,0.0,1664576281.309474
252,90538000000.0,50.0,1.0,1.0,0.0,1664576281.309474
253,90538000000.0,600.0,1.0,3.0,0.0,1664576281.309474
254,0.0,0.0,0.0,0.0,0.0,1664576281.309474
255,0.0,0.0,0.0,0.0,0.0,1664576281.309474
256,0.0,0.0,0.0,0.0,0.0,1664576281.309474
257,0.0,0.0,0.0,0.0,0.0,1664576281.309474
258,0.0,0.0,0.0,0.0,0.0,1664576281.309474
259,0.0,0.0,0.0,0.0,0.0,1664576281.309474
260,0.0,0.0,0.0,0.0,0.0,1664576281.309474
261,0.0,0.0,0.0,0.0,0.0,1664576281.309474
262,0.0,0.0,0.0,0.0,0.0,1664576281.309474
263,0.0,0.0,0.0,0.0,0.0,1664576281.309474
264,0.0,0.0,0.0,0.0,0.0,1664576281.309474
265,0.0,0.0,0.0,0.0,0.0,1664576281.309474
266,0.0,0.0,0.0,0.0,0.0,1664576281.309474
267,0.0,0.0,0.0,0.0,0.0,1664576281.309474
268,0.0,0.0,0.0,0.0,0.0,1664576281.309474
269,0.0,0.0,0.0,0.0,0.0,1664576281.309474
270,96538000000.0,50.0,1.0,1.0,0.0,1664576290.3099189
271,96538000000.0,600.0,1.0,3.0,0.0,1664576290.3099189
272,96538000000.0,0.49999991059303284,1.0,4.0,0.0,1664576290.3099189
273,96538000000.0,22.261281967163086,1.0,6.0,0.0,1664576290.3099189
274,96538000000.0,102128.3203125,1.0,7.0,0.0,1664576290.3099189
275,96538000000.0,34.386383056640625,1.0,8.0,0.0,1664576290.3099189
276,96538000000.0,82262.2109375,1.0,9.0,0.0,1664576290.3099189
277,96538000000.0,1.0,1.0,12.0,0.0,1664576290.3099189
278,96538000000.0,0.0,1.0,13.0,0.0,1664576290.3099189
279,99538000000.0,50.0,1.0,1.0,0.0,1664576290.3099189
280,99538000000.0,600.0,1.0,3.0,0.0,1664576290.3099189
281,0.0,0.0,0.0,0.0,0.0,1664576290.3099189
282,0.0,0.0,0.0,0.0,0.0,1664576290.3099189
283,0.0,0.0,0.0,0.0,0.0,1664576290.3099189
284,0.0,0.0,0.0,0.0,0.0,1664576290.3099189
285,0.0,0.0,0.0,0.0,0.0,1664576290.3099189
286,0.0,0.0,0.0,0.0,0.0,1664576290.3099189
287,0.0,0.0,0.0,0.0,0.0,1664576290.3099189
288,0.0,0.0,0.0,0.0,0.0,1664576290.3099189
289,0.0,0.0,0.0,0.0,0.0,1664576290.3099189
290,0.0,0.0,0.0,0.0,0.0,1664576290.3099189
291,0.0,0.0,0.0,0.0,0.0,1664576290.3099189
292,0.0,0.0,0.0,0.0,0.0,1664576290.3099189
293,0.0,0.0,0.0,0.0,0.0,1664576290.3099189
294,0.0,0.0,0.0,0.0,0.0,1664576290.3099189
295,0.0,0.0,0.0,0.0,0.0,1664576290.3099189
296,0.0,0.0,0.0,0.0,0.0,1664576290.3099189
297,105538000000.0,50.0,1.0,1.0,0.0,1664576299.3107042
298,105538000000.0,600.0,1.0,3.0,0.0,1664576299.3107042
299,105538000000.0,0.49999991059303284,1.0,4.0,0.0,1664576299.3107042
300,105538000000.0,22.213092803955078,1.0,6.0,0.0,1664576299.3107042
301,105538000000.0,102128.3515625,1.0,7.0,0.0,1664576299.3107042
302,105538000000.0,34.42145538330078,1.0,8.0,0.0,1664576299.3107042
303,105538000000.0,82182.984375,1.0,9.0,0.0,1664576299.3107042
304,105538000000.0,1.0,1.0,12.0,0.0,1664576299.3107042
305,105538000000.0,0.0,1.0,13.0,0.0,1664576299.3107042
306,108538000000.0,50.0,1.0,1.0,0.0,1664576299.3107042
307,108538000000.0,600.0,1.0,3.0,0.0,1664576299.3107042
308,0.0,0.0,0.0,0.0,0.0,1664576299.3107042
309,0.0,0.0,0.0,0.0,0.0,1664576299.3107042
310,0.0,0.0,0.0,0.0,0.0,1664576299.3107042
311,0.0,0.0,0.0,0.0,0.0,1664576299.3107042
312,0.0,0.0,0.0,0.0,0.0,1664576299.3107042
313,0.0,0.0,0.0,0.0,0.0,1664576299.3107042
314,0.0,0.0,0.0,0.0,0.0,1664576299.3107042
315,0.0,0.0,0.0,0.0,0.0,1664576299.3107042
316,0.0,0.0,0.0,0.0,0.0,1664576299.3107042
317,0.0,0.0,0.0,0.0,0.0,1664576299.3107042
318,0.0,0.0,0.0,0.0,0.0,1664576299.3107042
319,0.0,0.0,0.0,0.0,0.0,1664576299.3107042
320,0.0,0.0,0.0,0.0,0.0,1664576299.3107042
321,0.0,0.0,0.0,0.0,0.0,1664576299.3107042
322,0.0,0.0,0.0,0.0,0.0,1664576299.3107042
323,0.0,0.0,0.0,0.0,0.0,1664576299.3107042
324,114538000000.0,50.0,1.0,1.0,0.0,1664576308.312188
325,114538000000.0,600.0,1.0,3.0,0.0,1664576308.312188
326,114538000000.0,0.49999991059303284,1.0,4.0,0.0,1664576308.312188
327,114538000000.0,22.238454818725586,1.0,6.0,0.0,1664576308.312188
328,114538000000.0,102126.6484375,1.0,7.0,0.0,1664576308.312188
329,114538000000.0,34.45207977294922,1.0,8.0,0.0,1664576308.312188
330,114538000000.0,81946.2265625,1.0,9.0,0.0,1664576308.312188
331,114538000000.0,1.0,1.0,12.0,0.0,1664576308.312188
332,114538000000.0,0.0,1.0,13.0,0.0,1664576308.312188
333,117538000000.0,50.0,1.0,1.0,0.0,1664576308.312188
334,117538000000.0,600.0,1.0,3.0,0.0,1664576308.312188
335,0.0,0.0,0.0,0.0,0.0,1664576308.312188
336,0.0,0.0,0.0,0.0,0.0,1664576308.312188
337,0.0,0.0,0.0,0.0,0.0,1664576308.312188
338,0.0,0.0,0.0,0.0,0.0,1664576308.312188
339,0.0,0.0,0.0,0.0,0.0,1664576308.312188
340,0.0,0.0,0.0,0.0,0.0,1664576308.312188
341,0.0,0.0,0.0,0.0,0.0,1664576308.312188
342,0.0,0.0,0.0,0.0,0.0,1664576308.312188
343,0.0,0.0,0.0,0.0,0.0,1664576308.312188
344,0.0,0.0,0.0,0.0,0.0,1664576308.312188
345,0.0,0.0,0.0,0.0,0.0,1664576308.312188
346,0.0,0.0,0.0,0.0,0.0,1664576308.312188
347,0.0,0.0,0.0,0.0,0.0,1664576308.312188
348,0.0,0.0,0.0,0.0,0.0,1664576308.312188
349,0.0,0.0,0.0,0.0,0.0,1664576308.312188
350,0.0,0.0,0.0,0.0,0.0,1664576308.312188
351,123538000000.0,50.0,1.0,1.0,0.0,1664576317.327086
352,123538000000.0,600.0,1.0,3.0,0.0,1664576317.327086
353,123538000000.0,0.49999991059303284,1.0,4.0,0.0,1664576317.327086
354,123538000000.0,22.220699310302734,1.0,6.0,0.0,1664576317.327086
355,123538000000.0,102125.5078125,1.0,7.0,0.0,1664576317.327086
356,123538000000.0,34.44477462768555,1.0,8.0,0.0,1664576317.327086
357,123538000000.0,82660.640625,1.0,9.0,0.0,1664576317.327086
358,123538000000.0,1.0,1.0,12.0,0.0,1664576317.327086
359,123538000000.0,0.0,1.0,13.0,0.0,1664576317.327086
360,126538000000.0,50.0,1.0,1.0,0.0,1664576317.327086
361,126538000000.0,600.0,1.0,3.0,0.0,1664576317.327086
362,0.0,0.0,0.0,0.0,0.0,1664576317.327086
363,0.0,0.0,0.0,0.0,0.0,1664576317.327086
364,0.0,0.0,0.0,0.0,0.0,1664576317.327086
365,0.0,0.0,0.0,0.0,0.0,1664576317.327086
366,0.0,0.0,0.0,0.0,0.0,1664576317.327086
367,0.0,0.0,0.0,0.0,0.0,1664576317.327086
368,0.0,0.0,0.0,0.0,0.0,1664576317.327086
369,0.0,0.0,0.0,0.0,0.0,1664576317.327086
370,0.0,0.0,0.0,0.0,0.0,1664576317.327086
371,0.0,0.0,0.0,0.0,0.0,1664576317.327086
372,0.0,0.0,0.0,0.0,0.0,1664576317.327086
373,0.0,0.0,0.0,0.0,0.0,1664576317.327086
374,0.0,0.0,0.0,0.0,0.0,1664576317.327086
375,0.0,0.0,0.0,0.0,0.0,1664576317.327086
376,0.0,0.0,0.0,0.0,0.0,1664576317.327086
377,0.0,0.0,0.0,0.0,0.0,1664576317.327086
378,132538000000.0,50.0,1.0,1.0,0.0,1664576326.3280692
379,132538000000.0,600.0,1.0,3.0,0.0,1664576326.3280692
380,132538000000.0,0.49999991059303284,1.0,4.0,0.0,1664576326.3280692
381,132538000000.0,22.213092803955078,1.0,6.0,0.0,1664576326.3280692
382,132538000000.0,102127.3125,1.0,7.0,0.0,1664576326.3280692
383,132538000000.0,34.44971466064453,1.0,8.0,0.0,1664576326.3280692
384,132538000000.0,82341.5859375,1.0,9.0,0.0,1664576326.3280692
385,132538000000.0,1.0,1.0,12.0,0.0,1664576326.3280692
386,132538000000.0,0.0,1.0,13.0,0.0,1664576326.3280692
387,135538000000.0,50.0,1.0,1.0,0.0,1664576326.3280692
388,135538000000.0,600.0,1.0,3.0,0.0,1664576326.3280692
389,0.0,0.0,0.0,0.0,0.0,1664576326.3280692
390,0.0,0.0,0.0,0.0,0.0,1664576326.3280692
391,0.0,0.0,0.0,0.0,0.0,1664576326.3280692
392,0.0,0.0,0.0,0.0,0.0,1664576326.3280692
393,0.0,0.0,0.0,0.0,0.0,1664576326.3280692
394,0.0,0.0,0.0,0.0,0.0,1664576326.3280692
395,0.0,0.0,0.0,0.0,0.0,1664576326.3280692
396,0.0,0.0,0.0,0.0,0.0,1664576326.3280692
397,0.0,0.0,0.0,0.0,0.0,1664576326.3280692
398,0.0,0.0,0.0,0.0,0.0,1664576326.3280692
399,0.0,0.0,0.0,0.0,0.0,1664576326.3280692
400,0.0,0.0,0.0,0.0,0.0,1664576326.3280692
401,0.0,0.0,0.0,0.0,0.0,1664576326.3280692
402,0.0,0.0,0.0,0.0,0.0,1664576326.3280692
403,0.0,0.0,0.0,0.0,0.0,1664576326.3280692
404,0.0,0.0,0.0,0.0,0.0,1664576326.3280692
405,141538000000.0,50.0,1.0,1.0,0.0,1664576335.32895
406,141538000000.0,600.0,1.0,3.0,0.0,1664576335.32895
407,141538000000.0,0.49999991059303284,1.0,4.0,0.0,1664576335.32895
408,141538000000.0,22.243526458740234,1.0,6.0,0.0,1664576335.32895
409,141538000000.0,102126.9921875,1.0,7.0,0.0,1664576335.32895
410,141538000000.0,34.446895599365234,1.0,8.0,0.0,1664576335.32895
411,141538000000.0,83143.875,1.0,9.0,0.0,1664576335.32895
412,141538000000.0,1.0,1.0,12.0,0.0,1664576335.32895
413,141538000000.0,0.0,1.0,13.0,0.0,1664576335.32895
414,144538000000.0,50.0,1.0,1.0,0.0,1664576335.32895
415,144538000000.0,600.0,1.0,3.0,0.0,1664576335.32895
416,0.0,0.0,0.0,0.0,0.0,1664576335.32895
417,0.0,0.0,0.0,0.0,0.0,1664576335.32895
418,0.0,0.0,0.0,0.0,0.0,1664576335.32895
419,0.0,0.0,0.0,0.0,0.0,1664576335.32895
420,0.0,0.0,0.0,0.0,0.0,1664576335.32895
421,0.0,0.0,0.0,0.0,0.0,1664576335.32895
422,0.0,0.0,0.0,0.0,0.0,1664576335.32895
423,0.0,0.0,0.0,0.0,0.0,1664576335.32895
424,0.0,0.0,0.0,0.0,0.0,1664576335.32895
425,0.0,0.0,0.0,0.0,0.0,1664576335.32895
426,0.0,0.0,0.0,0.0,0.0,1664576335.32895
427,0.0,0.0,0.0,0.0,0.0,1664576335.32895
428,0.0,0.0,0.0,0.0,0.0,1664576335.32895
429,0.0,0.0,0.0,0.0,0.0,1664576335.32895
430,0.0,0.0,0.0,0.0,0.0,1664576335.32895
431,0.0,0.0,0.0,0.0,0.0,1664576335.32895
432,150538000000.0,50.0,1.0,1.0,0.0,1664576344.329379
433,150538000000.0,600.0,1.0,3.0,0.0,1664576344.329379
434,150538000000.0,0.49999991059303284,1.0,4.0,0.0,1664576344.329379
435,150538000000.0,22.284107208251953,1.0,6.0,0.0,1664576344.329379
436,150538000000.0,102127.2265625,1.0,7.0,0.0,1664576344.329379
437,150538000000.0,34.41676330566406,1.0,8.0,0.0,1664576344.329379
438,150538000000.0,82821.09375,1.0,9.0,0.0,1664576344.329379
439,150538000000.0,1.0,1.0,12.0,0.0,1664576344.329379
440,150538000000.0,0.0,1.0,13.0,0.0,1664576344.329379
441,153538000000.0,50.0,1.0,1.0,0.0,1664576344.329379
442,153538000000.0,600.0,1.0,3.0,0.0,1664576344.329379
443,0.0,0.0,0.0,0.0,0.0,1664576344.329379
444,0.0,0.0,0.0,0.0,0.0,1664576344.329379
445,0.0,0.0,0.0,0.0,0.0,1664576344.329379
446,0.0,0.0,0.0,0.0,0.0,1664576344.329379
447,0.0,0.0,0.0,0.0,0.0,1664576344.329379
448,0.0,0.0,0.0,0.0,0.0,1664576344.329379
449,0.0,0.0,0.0,0.0,0.0,1664576344.329379
450,0.0,0.0,0.0,0.0,0.0,1664576344.329379
451,0.0,0.0,0.0,0.0,0.0,1664576344.329379
452,0.0,0.0,0.0,0.0,0.0,1664576344.329379
453,0.0,0.0,0.0,0.0,0.0,1664576344.329379
454,0.0,0.0,0.0,0.0,0.0,1664576344.329379
455,0.0,0.0,0.0,0.0,0.0,1664576344.329379
456,0.0,0.0,0.0,0.0,0.0,1664576344.329379
457,0.0,0.0,0.0,0.0,0.0,1664576344.329379
458,0.0,0.0,0.0,0.0,0.0,1664576344.329379
459,159538000000.0,50.0,1.0,1.0,0.0,1664576353.3304021
460,159538000000.0,600.0,1.0,3.0,0.0,1664576353.3304021
461,159538000000.0,0.49999991059303284,1.0,4.0,0.0,1664576353.3304021
462,159538000000.0,22.319618225097656,1.0,6.0,0.0,1664576353.3304021
463,159538000000.0,102126.7421875,1.0,7.0,0.0,1664576353.3304021
464,159538000000.0,34.33531188964844,1.0,8.0,0.0,1664576353.3304021
465,159538000000.0,82660.640625,1.0,9.0,0.0,1664576353.3304021
466,159538000000.0,1.0,1.0,12.0,0.0,1664576353.3304021
467,159538000000.0,0.0,1.0,13.0,0.0,1664576353.3304021
468,162538000000.0,50.0,1.0,1.0,0.0,1664576353.3304021
469,162538000000.0,600.0,1.0,3.0,0.0,1664576353.3304021
470,0.0,0.0,0.0,0.0,0.0,1664576353.3304021
471,0.0,0.0,0.0,0.0,0.0,1664576353.3304021
472,0.0,0.0,0.0,0.0,0.0,1664576353.3304021
473,0.0,0.0,0.0,0.0,0.0,1664576353.3304021
474,0.0,0.0,0.0,0.0,0.0,1664576353.3304021
475,0.0,0.0,0.0,0.0,0.0,1664576353.3304021
476,0.0,0.0,0.0,0.0,0.0,1664576353.3304021
477,0.0,0.0,0.0,0.0,0.0,1664576353.3304021
478,0.0,0.0,0.0,0.0,0.0,1664576353.3304021
479,0.0,0.0,0.0,0.0,0.0,1664576353.3304021
480,0.0,0.0,0.0,0.0,0.0,1664576353.3304021
481,0.0,0.0,0.0,0.0,0.0,1664576353.3304021
482,0.0,0.0,0.0,0.0,0.0,1664576353.3304021
483,0.0,0.0,0.0,0.0,0.0,1664576353.3304021
484,0.0,0.0,0.0,0.0,0.0,1664576353.3304021
485,0.0,0.0,0.0,0.0,0.0,1664576353.3304021
486,168538000000.0,50.0,1.0,1.0,0.0,1664576362.3459451
487,168538000000.0,600.0,1.0,3.0,0.0,1664576362.3459451
488,168538000000.0,0.49999991059303284,1.0,4.0,0.0,1664576362.3459451
489,168538000000.0,22.301862716674805,1.0,6.0,0.0,1664576362.3459451
490,168538000000.0,102127.8359375,1.0,7.0,0.0,1664576362.3459451
491,168538000000.0,34.30542755126953,1.0,8.0,0.0,1664576362.3459451
492,168538000000.0,83062.9453125,1.0,9.0,0.0,1664576362.3459451
493,168538000000.0,1.0,1.0,12.0,0.0,1664576362.3459451
494,168538000000.0,0.0,1.0,13.0,0.0,1664576362.3459451
495,171538000000.0,50.0,1.0,1.0,0.0,1664576362.3459451
496,171538000000.0,600.0,1.0,3.0,0.0,1664576362.3459451
497,0.0,0.0,0.0,0.0,0.0,1664576362.3459451
498,0.0,0.0,0.0,0.0,0.0,1664576362.3459451
499,0.0,0.0,0.0,0.0,0.0,1664576362.3459451
500,0.0,0.0,0.0,0.0,0.0,1664576362.3459451
501,0.0,0.0,0.0,0.0,0.0,1664576362.3459451
502,0.0,0.0,0.0,0.0,0.0,1664576362.3459451
503,0.0,0.0,0.0,0.0,0.0,1664576362.3459451
504,0.0,0.0,0.0,0.0,0.0,1664576362.3459451
505,0.0,0.0,0.0,0.0,0.0,1664576362.3459451
506,0.0,0.0,0.0,0.0,0.0,1664576362.3459451
507,0.0,0.0,0.0,0.0,0.0,1664576362.3459451
508,0.0,0.0,0.0,0.0,0.0,1664576362.3459451
509,0.0,0.0,0.0,0.0,0.0,1664576362.3459451
510,0.0,0.0,0.0,0.0,0.0,1664576362.3459451
511,0.0,0.0,0.0,0.0,0.0,1664576362.3459451
512,0.0,0.0,0.0,0.0,0.0,1664576362.3459451
513,177538000000.0,50.0,1.0,1.0,0.0,1664576371.346265
514,177538000000.0,600.0,1.0,3.0,0.0,1664576371.346265
515,177538000000.0,0.49999991059303284,1.0,4.0,0.0,1664576371.346265
516,177538000000.0,22.327226638793945,1.0,6.0,0.0,1664576371.346265
517,177538000000.0,102127.0078125,1.0,7.0,0.0,1664576371.346265
518,177538000000.0,34.29648208618164,1.0,8.0,0.0,1664576371.346265
519,177538000000.0,82982.171875,1.0,9.0,0.0,1664576371.346265
520,177538000000.0,1.0,1.0,12.0,0.0,1664576371.346265
521,177538000000.0,0.0,1.0,13.0,0.0,1664576371.346265
522,180538000000.0,50.0,1.0,1.0,0.0,1664576371.346265
523,180538000000.0,600.0,1.0,3.0,0.0,1664576371.346265
524,0.0,0.0,0.0,0.0,0.0,1664576371.346265
525,0.0,0.0,0.0,0.0,0.0,1664576371.346265
526,0.0,0.0,0.0,0.0,0.0,1664576371.346265
527,0.0,0.0,0.0,0.0,0.0,1664576371.346265
528,0.0,0.0,0.0,0.0,0.0,1664576371.346265
529,0.0,0.0,0.0,0.0,0.0,1664576371.346265
530,0.0,0.0,0.0,0.0,0.0,1664576371.346265
531,0.0,0.0,0.0,0.0,0.0,1664576371.346265
532,0.0,0.0,0.0,0.0,0.0,1664576371.346265
533,0.0,0.0,0.0,0.0,0.0,1664576371.346265
534,0.0,0.0,0.0,0.0,0.0,1664576371.346265
535,0.0,0.0,0.0,0.0,0.0,1664576371.346265
536,0.0,0.0,0.0,0.0,0.0,1664576371.346265
537,0.0,0.0,0.0,0.0,0.0,1664576371.346265
538,0.0,0.0,0.0,0.0,0.0,1664576371.346265
539,0.0,0.0,0.0,0.0,0.0,1664576371.346265
540,186538000000.0,50.0,1.0,1.0,0.0,1664576380.354134
541,186538000000.0,600.0,1.0,3.0,0.0,1664576380.354134
542,186538000000.0,0.49999991059303284,1.0,4.0,0.0,1664576380.354134
543,186538000000.0,22.329761505126953,1.0,6.0,0.0,1664576380.354134
544,186538000000.0,102124.6640625,1.0,7.0,0.0,1664576380.354134
545,186538000000.0,34.268489837646484,1.0,8.0,0.0,1664576380.354134
546,186538000000.0,83306.21875,1.0,9.0,0.0,1664576380.354134
547,186538000000.0,1.0,1.0,12.0,0.0,1664576380.354134
548,186538000000.0,0.0,1.0,13.0,0.0,1664576380.354134
549,189538000000.0,50.0,1.0,1.0,0.0,1664576380.354134
550,189538000000.0,600.0,1.0,3.0,0.0,1664576380.354134
551,0.0,0.0,0.0,0.0,0.0,1664576380.354134
552,0.0,0.0,0.0,0.0,0.0,1664576380.354134
553,0.0,0.0,0.0,0.0,0.0,1664576380.354134
554,0.0,0.0,0.0,0.0,0.0,1664576380.354134
555,0.0,0.0,0.0,0.0,0.0,1664576380.354134
556,0.0,0.0,0.0,0.0,0.0,1664576380.354134
557,0.0,0.0,0.0,0.0,0.0,1664576380.354134
558,0.0,0.0,0.0,0.0,0.0,1664576380.354134
559,0.0,0.0,0.0,0.0,0.0,1664576380.354134
560,0.0,0.0,0.0,0.0,0.0,1664576380.354134
561,0.0,0.0,0.0,0.0,0.0,1664576380.354134
562,0.0,0.0,0.0,0.0,0.0,1664576380.354134
563,0.0,0.0,0.0,0.0,0.0,1664576380.354134
564,0.0,0.0,0.0,0.0,0.0,1664576380.354134
565,0.0,0.0,0.0,0.0,0.0,1664576380.354134
566,0.0,0.0,0.0,0.0,0.0,1664576380.354134
567,195538000000.0,50.0,1.0,1.0,0.0,1664576389.347869
568,195538000000.0,600.0,1.0,3.0,0.0,1664576389.347869
569,195538000000.0,0.49999991059303284,1.0,4.0,0.0,1664576389.347869
570,195538000000.0,22.324689865112305,1.0,6.0,0.0,1664576389.347869
571,195538000000.0,102126.921875,1.0,7.0,0.0,1664576389.347869
572,195538000000.0,34.24543762207031,1.0,8.0,0.0,1664576389.347869
573,195538000000.0,83469.1875,1.0,9.0,0.0,1664576389.347869
574,195538000000.0,1.0,1.0,12.0,0.0,1664576389.347869
575,195538000000.0,0.0,1.0,13.0,0.0,1664576389.347869
576,198538000000.0,50.0,1.0,1.0,0.0,1664576389.347869
577,198538000000.0,600.0,1.0,3.0,0.0,1664576389.347869
578,0.0,0.0,0.0,0.0,0.0,1664576389.347869
579,0.0,0.0,0.0,0.0,0.0,1664576389.347869
580,0.0,0.0,0.0,0.0,0.0,1664576389.347869
581,0.0,0.0,0.0,0.0,0.0,1664576389.347869
582,0.0,0.0,0.0,0.0,0.0,1664576389.347869
583,0.0,0.0,0.0,0.0,0.0,1664576389.347869
584,0.0,0.0,0.0,0.0,0.0,1664576389.347869
585,0.0,0.0,0.0,0.0,0.0,1664576389.347869
586,0.0,0.0,0.0,0.0,0.0,1664576389.347869
587,0.0,0.0,0.0,0.0,0.0,1664576389.347869
588,0.0,0.0,0.0,0.0,0.0,1664576389.347869
589,0.0,0.0,0.0,0.0,0.0,1664576389.347869
590,0.0,0.0,0.0,0.0,0.0,1664576389.347869
591,0.0,0.0,0.0,0.0,0.0,1664576389.347869
592,0.0,0.0,0.0,0.0,0.0,1664576389.347869
593,0.0,0.0,0.0,0.0,0.0,1664576389.347869
594,204538000000.0,50.0,1.0,1.0,0.0,1664576398.348937
595,204538000000.0,600.0,1.0,3.0,0.0,1664576398.348937
596,204538000000.0,0.49999991059303284,1.0,4.0,0.0,1664576398.348937
597,204538000000.0,22.327226638793945,1.0,6.0,0.0,1664576398.348937
598,204538000000.0,102127.8671875,1.0,7.0,0.0,1664576398.348937
599,204538000000.0,34.251312255859375,1.0,8.0,0.0,1664576398.348937
600,204538000000.0,83387.625,1.0,9.0,0.0,1664576398.348937
601,204538000000.0,1.0,1.0,12.0,0.0,1664576398.348937
602,204538000000.0,0.0,1.0,13.0,0.0,1664576398.348937
603,207538000000.0,50.0,1.0,1.0,0.0,1664576398.348937
604,207538000000.0,600.0,1.0,3.0,0.0,1664576398.348937
605,0.0,0.0,0.0,0.0,0.0,1664576398.348937
606,0.0,0.0,0.0,0.0,0.0,1664576398.348937
607,0.0,0.0,0.0,0.0,0.0,1664576398.348937
608,0.0,0.0,0.0,0.0,0.0,1664576398.348937
609,0.0,0.0,0.0,0.0,0.0,1664576398.348937
610,0.0,0.0,0.0,0.0,0.0,1664576398.348937
611,0.0,0.0,0.0,0.0,0.0,1664576398.348937
612,0.0,0.0,0.0,0.0,0.0,1664576398.348937
613,0.0,0.0,0.0,0.0,0.0,1664576398.348937
614,0.0,0.0,0.0,0.0,0.0,1664576398.348937
615,0.0,0.0,0.0,0.0,0.0,1664576398.348937
616,0.0,0.0,0.0,0.0,0.0,1664576398.348937
617,0.0,0.0,0.0,0.0,0.0,1664576398.348937
618,0.0,0.0,0.0,0.0,0.0,1664576398.348937
619,0.0,0.0,0.0,0.0,0.0,1664576398.348937
620,0.0,0.0,0.0,0.0,0.0,1664576398.348937
621,213538000000.0,50.0,1.0,1.0,0.0,1664576407.349486
622,213538000000.0,600.0,1.0,3.0,0.0,1664576407.349486
623,213538000000.0,0.49999991059303284,1.0,4.0,0.0,1664576407.349486
624,213538000000.0,22.329761505126953,1.0,6.0,0.0,1664576407.349486
625,213538000000.0,102127.7890625,1.0,7.0,0.0,1664576407.349486
626,213538000000.0,34.24026107788086,1.0,8.0,0.0,1664576407.349486
627,213538000000.0,83550.9140625,1.0,9.0,0.0,1664576407.349486
628,213538000000.0,1.0,1.0,12.0,0.0,1664576407.349486
629,213538000000.0,0.0,1.0,13.0,0.0,1664576407.349486
630,216538000000.0,50.0,1.0,1.0,0.0,1664576407.349486
631,216538000000.0,600.0,1.0,3.0,0.0,1664576407.349486
632,0.0,0.0,0.0,0.0,0.0,1664576407.349486
633,0.0,0.0,0.0,0.0,0.0,1664576407.349486
634,0.0,0.0,0.0,0.0,0.0,1664576407.349486
635,0.0,0.0,0.0,0.0,0.0,1664576407.349486
636,0.0,0.0,0.0,0.0,0.0,1664576407.349486
637,0.0,0.0,0.0,0.0,0.0,1664576407.349486
638,0.0,0.0,0.0,0.0,0.0,1664576407.349486
639,0.0,0.0,0.0,0.0,0.0,1664576407.349486
640,0.0,0.0,0.0,0.0,0.0,1664576407.349486
641,0.0,0.0,0.0,0.0,0.0,1664576407.349486
642,0.0,0.0,0.0,0.0,0.0,1664576407.349486
643,0.0,0.0,0.0,0.0,0.0,1664576407.349486
644,0.0,0.0,0.0,0.0,0.0,1664576407.349486
645,0.0,0.0,0.0,0.0,0.0,1664576407.349486
646,0.0,0.0,0.0,0.0,0.0,1664576407.349486
647,0.0,0.0,0.0,0.0,0.0,1664576407.349486
648,222538000000.0,50.0,1.0,1.0,0.0,1664576416.3649669
649,222538000000.0,600.0,1.0,3.0,0.0,1664576416.3649669
650,222538000000.0,0.49999991059303284,1.0,4.0,0.0,1664576416.3649669
651,222538000000.0,22.299327850341797,1.0,6.0,0.0,1664576416.3649669
652,222538000000.0,102128.1015625,1.0,7.0,0.0,1664576416.3649669
653,222538000000.0,34.25437545776367,1.0,8.0,0.0,1664576416.3649669
654,222538000000.0,83306.21875,1.0,9.0,0.0,1664576416.3649669
655,222538000000.0,1.0,1.0,12.0,0.0,1664576416.3649669
656,222538000000.0,0.0,1.0,13.0,0.0,1664576416.3649669
657,225538000000.0,50.0,1.0,1.0,0.0,1664576416.3649669
658,225538000000.0,600.0,1.0,3.0,0.0,1664576416.3649669
659,0.0,0.0,0.0,0.0,0.0,1664576416.3649669
660,0.0,0.0,0.0,0.0,0.0,1664576416.3649669
661,0.0,0.0,0.0,0.0,0.0,1664576416.3649669
662,0.0,0.0,0.0,0.0,0.0,1664576416.3649669
663,0.0,0.0,0.0,0.0,0.0,1664576416.3649669
664,0.0,0.0,0.0,0.0,0.0,1664576416.3649669
665,0.0,0.0,0.0,0.0,0.0,1664576416.3649669
666,0.0,0.0,0.0,0.0,0.0,1664576416.3649669
667,0.0,0.0,0.0,0.0,0.0,1664576416.3649669
668,0.0,0.0,0.0,0.0,0.0,1664576416.3649669
669,0.0,0.0,0.0,0.0,0.0,1664576416.3649669
670,0.0,0.0,0.0,0.0,0.0,1664576416.3649669
671,0.0,0.0,0.0,0.0,0.0,1664576416.3649669
672,0.0,0.0,0.0,0.0,0.0,1664576416.3649669
673,0.0,0.0,0.0,0.0,0.0,1664576416.3649669
674,0.0,0.0,0.0,0.0,0.0,1664576416.3649669
675,231538000000.0,50.0,1.0,1.0,0.0,1664576425.3659708
676,231538000000.0,600.0,1.0,3.0,0.0,1664576425.3659708
677,231538000000.0,0.49999991059303284,1.0,4.0,0.0,1664576425.3659708
678,231538000000.0,22.306936264038086,1.0,6.0,0.0,1664576425.3659708
679,231538000000.0,102127.671875,1.0,7.0,0.0,1664576425.3659708
680,231538000000.0,34.28330993652344,1.0,8.0,0.0,1664576425.3659708
681,231538000000.0,82821.09375,1.0,9.0,0.0,1664576425.3659708
682,231538000000.0,1.0,1.0,12.0,0.0,1664576425.3659708
683,231538000000.0,0.0,1.0,13.0,0.0,1664576425.3659708
684,234538000000.0,50.0,1.0,1.0,0.0,1664576425.3659708
685,234538000000.0,600.0,1.0,3.0,0.0,1664576425.3659708
686,0.0,0.0,0.0,0.0,0.0,1664576425.3659708
687,0.0,0.0,0.0,0.0,0.0,1664576425.3659708
688,0.0,0.0,0.0,0.0,0.0,1664576425.3659708
689,0.0,0.0,0.0,0.0,0.0,1664576425.3659708
690,0.0,0.0,0.0,0.0,0.0,1664576425.3659708
691,0.0,0.0,0.0,0.0,0.0,1664576425.3659708
692,0.0,0.0,0.0,0.0,0.0,1664576425.3659708
693,0.0,0.0,0.0,0.0,0.0,1664576425.3659708
694,0.0,0.0,0.0,0.0,0.0,1664576425.3659708
695,0.0,0.0,0.0,0.0,0.0,1664576425.3659708
696,0.0,0.0,0.0,0.0,0.0,1664576425.3659708
697,0.0,0.0,0.0,0.0,0.0,1664576425.3659708
698,0.0,0.0,0.0,0.0,0.0,1664576425.3659708
699,0.0,0.0,0.0,0.0,0.0,1664576425.3659708
700,0.0,0.0,0.0,0.0,0.0,1664576425.3659708
701,0.0,0.0,0.0,0.0,0.0,1664576425.3659708
702,240538000000.0,50.0,1.0,1.0,0.0,1664576434.3694808
703,240538000000.0,600.0,1.0,3.0,0.0,1664576434.3694808
704,240538000000.0,0.49999991059303284,1.0,4.0,0.0,1664576434.3694808
705,240538000000.0,22.319618225097656,1.0,6.0,0.0,1664576434.3694808
706,240538000000.0,102127.78125,1.0,7.0,0.0,1664576434.3694808
707,240538000000.0,34.25625228881836,1.0,8.0,0.0,1664576434.3694808
708,240538000000.0,83714.84375,1.0,9.0,0.0,1664576434.3694808
709,240538000000.0,1.0,1.0,12.0,0.0,1664576434.3694808
710,240538000000.0,0.0,1.0,13.0,0.0,1664576434.3694808
711,243538000000.0,50.0,1.0,1.0,0.0,1664576434.3694808
712,243538000000.0,600.0,1.0,3.0,0.0,1664576434.3694808
713,0.0,0.0,0.0,0.0,0.0,1664576434.3694808
714,0.0,0.0,0.0,0.0,0.0,1664576434.3694808
715,0.0,0.0,0.0,0.0,0.0,1664576434.3694808
716,0.0,0.0,0.0,0.0,0.0,1664576434.3694808
717,0.0,0.0,0.0,0.0,0.0,1664576434.3694808
718,0.0,0.0,0.0,0.0,0.0,1664576434.3694808
719,0.0,0.0,0.0,0.0,0.0,1664576434.3694808
720,0.0,0.0,0.0,0.0,0.0,1664576434.3694808
721,0.0,0.0,0.0,0.0,0.0,1664576434.3694808
722,0.0,0.0,0.0,0.0,0.0,1664576434.3694808
723,0.0,0.0,0.0,0.0,0.0,1664576434.3694808
724,0.0,0.0,0.0,0.0,0.0,1664576434.3694808
725,0.0,0.0,0.0,0.0,0.0,1664576434.3694808
726,0.0,0.0,0.0,0.0,0.0,1664576434.3694808
727,0.0,0.0,0.0,0.0,0.0,1664576434.3694808
728,0.0,0.0,0.0,0.0,0.0,1664576434.3694808
729,249538000000.0,50.0,1.0,1.0,0.0,1664576443.367132
730,249538000000.0,600.0,1.0,3.0,0.0,1664576443.367132
731,249538000000.0,0.49999991059303284,1.0,4.0,0.0,1664576443.367132
732,249538000000.0,22.327226638793945,1.0,6.0,0.0,1664576443.367132
733,249538000000.0,102125.4375,1.0,7.0,0.0,1664576443.367132
734,249538000000.0,34.24566650390625,1.0,8.0,0.0,1664576443.367132
735,249538000000.0,83632.796875,1.0,9.0,0.0,1664576443.367132
736,249538000000.0,1.0,1.0,12.0,0.0,1664576443.367132
737,249538000000.0,0.0,1.0,13.0,0.0,1664576443.367132
738,252538000000.0,50.0,1.0,1.0,0.0,1664576443.367132
739,252538000000.0,600.0,1.0,3.0,0.0,1664576443.367132
740,0.0,0.0,0.0,0.0,0.0,1664576443.367132
741,0.0,0.0,0.0,0.0,0.0,1664576443.367132
742,0.0,0.0,0.0,0.0,0.0,1664576443.367132
743,0.0,0.0,0.0,0.0,0.0,1664576443.367132
744,0.0,0.0,0.0,0.0,0.0,1664576443.367132
745,0.0,0.0,0.0,0.0,0.0,1664576443.367132
746,0.0,0.0,0.0,0.0,0.0,1664576443.367132
747,0.0,0.0,0.0,0.0,0.0,1664576443.367132
748,0.0,0.0,0.0,0.0,0.0,1664576443.367132
749,0.0,0.0,0.0,0.0,0.0,1664576443.367132
750,0.0,0.0,0.0,0.0,0.0,1664576443.367132
751,0.0,0.0,0.0,0.0,0.0,1664576443.367132
752,0.0,0.0,0.0,0.0,0.0,1664576443.367132
753,0.0,0.0,0.0,0.0,0.0,1664576443.367132
754,0.0,0.0,0.0,0.0,0.0,1664576443.367132
755,0.0,0.0,0.0,0.0,0.0,1664576443.367132
756,258538000000.0,50.0,1.0,1.0,0.0,1664576452.367718
757,258538000000.0,600.0,1.0,3.0,0.0,1664576452.367718
758,258538000000.0,0.49999991059303284,1.0,4.0,0.0,1664576452.367718
759,258538000000.0,22.342443466186523,1.0,6.0,0.0,1664576452.367718
760,258538000000.0,102128.0546875,1.0,7.0,0.0,1664576452.367718
761,258538000000.0,34.23014831542969,1.0,8.0,0.0,1664576452.367718
762,258538000000.0,84210.5234375,1.0,9.0,0.0,1664576452.367718
763,258538000000.0,1.0,1.0,12.0,0.0,1664576452.367718
764,258538000000.0,0.0,1.0,13.0,0.0,1664576452.367718
765,261538000000.0,50.0,1.0,1.0,0.0,1664576452.367718
766,261538000000.0,600.0,1.0,3.0,0.0,1664576452.367718
767,0.0,0.0,0.0,0.0,0.0,1664576452.367718
768,0.0,0.0,0.0,0.0,0.0,1664576452.367718
769,0.0,0.0,0.0,0.0,0.0,1664576452.367718
770,0.0,0.0,0.0,0.0,0.0,1664576452.367718
771,0.0,0.0,0.0,0.0,0.0,1664576452.367718
772,0.0,0.0,0.0,0.0,0.0,1664576452.367718
773,0.0,0.0,0.0,0.0,0.0,1664576452.367718
774,0.0,0.0,0.0,0.0,0.0,1664576452.367718
775,0.0,0.0,0.0,0.0,0.0,1664576452.367718
776,0.0,0.0,0.0,0.0,0.0,1664576452.367718
777,0.0,0.0,0.0,0.0,0.0,1664576452.367718
778,0.0,0.0,0.0,0.0,0.0,1664576452.367718
779,0.0,0.0,0.0,0.0,0.0,1664576452.367718
780,0.0,0.0,0.0,0.0,0.0,1664576452.367718
781,0.0,0.0,0.0,0.0,0.0,1664576452.367718
782,0.0,0.0,0.0,0.0,0.0,1664576452.367718
783,267538000000.0,50.0,1.0,1.0,0.0,1664576461.3930628
784,267538000000.0,600.0,1.0,3.0,0.0,1664576461.3930628
785,267538000000.0,0.49999991059303284,1.0,4.0,0.0,1664576461.3930628
786,267538000000.0,22.329761505126953,1.0,6.0,0.0,1664576461.3930628
787,267538000000.0,102126.40625,1.0,7.0,0.0,1664576461.3930628
788,267538000000.0,34.212039947509766,1.0,8.0,0.0,1664576461.3930628
789,267538000000.0,83797.0546875,1.0,9.0,0.0,1664576461.3930628
790,267538000000.0,1.0,1.0,12.0,0.0,1664576461.3930628
791,267538000000.0,0.0,1.0,13.0,0.0,1664576461.3930628
792,270538000000.0,50.0,1.0,1.0,0.0,1664576461.3930628
793,270538000000.0,600.0,1.0,3.0,0.0,1664576461.3930628
794,0.0,0.0,0.0,0.0,0.0,1664576461.3930628
795,0.0,0.0,0.0,0.0,0.0,1664576461.3930628
796,0.0,0.0,0.0,0.0,0.0,1664576461.3930628
797,0.0,0.0,0.0,0.0,0.0,1664576461.3930628
798,0.0,0.0,0.0,0.0,0.0,1664576461.3930628
799,0.0,0.0,0.0,0.0,0.0,1664576461.3930628
800,0.0,0.0,0.0,0.0,0.0,1664576461.3930628
801,0.0,0.0,0.0,0.0,0.0,1664576461.3930628
802,0.0,0.0,0.0,0.0,0.0,1664576461.3930628
803,0.0,0.0,0.0,0.0,0.0,1664576461.3930628
804,0.0,0.0,0.0,0.0,0.0,1664576461.3930628
805,0.0,0.0,0.0,0.0,0.0,1664576461.3930628
806,0.0,0.0,0.0,0.0,0.0,1664576461.3930628
807,0.0,0.0,0.0,0.0,0.0,1664576461.3930628
808,0.0,0.0,0.0,0.0,0.0,1664576461.3930628
809,0.0,0.0,0.0,0.0,0.0,1664576461.3930628
810,276538000000.0,50.0,1.0,1.0,0.0,1664576470.383837
811,276538000000.0,600.0,1.0,3.0,0.0,1664576470.383837
812,276538000000.0,0.49999991059303284,1.0,4.0,0.0,1664576470.383837
813,276538000000.0,22.329761505126953,1.0,6.0,0.0,1664576470.383837
814,276538000000.0,102127.625,1.0,7.0,0.0,1664576470.383837
815,276538000000.0,34.217681884765625,1.0,8.0,0.0,1664576470.383837
816,276538000000.0,84544.25,1.0,9.0,0.0,1664576470.383837
817,276538000000.0,1.0,1.0,12.0,0.0,1664576470.383837
818,276538000000.0,0.0,1.0,13.0,0.0,1664576470.383837
819,279538000000.0,50.0,1.0,1.0,0.0,1664576470.383837
820,279538000000.0,600.0,1.0,3.0,0.0,1664576470.383837
821,0.0,0.0,0.0,0.0,0.0,1664576470.383837
822,0.0,0.0,0.0,0.0,0.0,1664576470.383837
823,0.0,0.0,0.0,0.0,0.0,1664576470.383837
824,0.0,0.0,0.0,0.0,0.0,1664576470.383837
825,0.0,0.0,0.0,0.0,0.0,1664576470.383837
826,0.0,0.0,0.0,0.0,0.0,1664576470.383837
827,0.0,0.0,0.0,0.0,0.0,1664576470.383837
828,0.0,0.0,0.0,0.0,0.0,1664576470.383837
829,0.0,0.0,0.0,0.0,0.0,1664576470.383837
830,0.0,0.0,0.0,0.0,0.0,1664576470.383837
831,0.0,0.0,0.0,0.0,0.0,1664576470.383837
832,0.0,0.0,0.0,0.0,0.0,1664576470.383837
833,0.0,0.0,0.0,0.0,0.0,1664576470.383837
834,0.0,0.0,0.0,0.0,0.0,1664576470.383837
835,0.0,0.0,0.0,0.0,0.0,1664576470.383837
836,0.0,0.0,0.0,0.0,0.0,1664576470.383837
837,285538000000.0,50.0,1.0,1.0,0.0,1664576479.384782
838,285538000000.0,600.0,1.0,3.0,0.0,1664576479.384782
839,285538000000.0,0.49999991059303284,1.0,4.0,0.0,1664576479.384782
840,285538000000.0,22.322154998779297,1.0,6.0,0.0,1664576479.384782
841,285538000000.0,102128.21875,1.0,7.0,0.0,1664576479.384782
842,285538000000.0,34.233909606933594,1.0,8.0,0.0,1664576479.384782
843,285538000000.0,83714.84375,1.0,9.0,0.0,1664576479.384782
844,285538000000.0,1.0,1.0,12.0,0.0,1664576479.384782
845,285538000000.0,0.0,1.0,13.0,0.0,1664576479.384782
846,288538000000.0,50.0,1.0,1.0,0.0,1664576479.384782
847,288538000000.0,600.0,1.0,3.0,0.0,1664576479.384782
848,0.0,0.0,0.0,0.0,0.0,1664576479.384782
849,0.0,0.0,0.0,0.0,0.0,1664576479.384782
850,0.0,0.0,0.0,0.0,0.0,1664576479.384782
851,0.0,0.0,0.0,0.0,0.0,1664576479.384782
852,0.0,0.0,0.0,0.0,0.0,1664576479.384782
853,0.0,0.0,0.0,0.0,0.0,1664576479.384782
854,0.0,0.0,0.0,0.0,0.0,1664576479.384782
855,0.0,0.0,0.0,0.0,0.0,1664576479.384782
856,0.0,0.0,0.0,0.0,0.0,1664576479.384782
857,0.0,0.0,0.0,0.0,0.0,1664576479.384782
858,0.0,0.0,0.0,0.0,0.0,1664576479.384782
859,0.0,0.0,0.0,0.0,0.0,1664576479.384782
860,0.0,0.0,0.0,0.0,0.0,1664576479.384782
861,0.0,0.0,0.0,0.0,0.0,1664576479.384782
862,0.0,0.0,0.0,0.0,0.0,1664576479.384782
863,0.0,0.0,0.0,0.0,0.0,1664576479.384782
864,294538000000.0,50.0,1.0,1.0,0.0,1664576488.385092
865,294538000000.0,600.0,1.0,3.0,0.0,1664576488.385092
866,294538000000.0,0.49999991059303284,1.0,4.0,0.0,1664576488.385092
867,294538000000.0,22.314544677734375,1.0,6.0,0.0,1664576488.385092
868,294538000000.0,102126.7265625,1.0,7.0,0.0,1664576488.385092
869,294538000000.0,34.25577926635742,1.0,8.0,0.0,1664576488.385092
870,294538000000.0,83961.953125,1.0,9.0,0.0,1664576488.385092
871,294538000000.0,1.0,1.0,12.0,0.0,1664576488.385092
872,294538000000.0,0.0,1.0,13.0,0.0,1664576488.385092
873,297538000000.0,50.0,1.0,1.0,0.0,1664576488.385092
874,297538000000.0,600.0,1.0,3.0,0.0,1664576488.385092
875,0.0,0.0,0.0,0.0,0.0,1664576488.385092
876,0.0,0.0,0.0,0.0,0.0,1664576488.385092
877,0.0,0.0,0.0,0.0,0.0,1664576488.385092
878,0.0,0.0,0.0,0.0,0.0,1664576488.385092
879,0.0,0.0,0.0,0.0,0.0,1664576488.385092
880,0.0,0.0,0.0,0.0,0.0,1664576488.385092
881,0.0,0.0,0.0,0.0,0.0,1664576488.385092
882,0.0,0.0,0.0,0.0,0.0,1664576488.385092
883,0.0,0.0,0.0,0.0,0.0,1664576488.385092
884,0.0,0.0,0.0,0.0,0.0,1664576488.385092
885,0.0,0.0,0.0,0.0,0.0,1664576488.385092
886,0.0,0.0,0.0,0.0,0.0,1664576488.385092
887,0.0,0.0,0.0,0.0,0.0,1664576488.385092
888,0.0,0.0,0.0,0.0,0.0,1664576488.385092
889,0.0,0.0,0.0,0.0,0.0,1664576488.385092
890,0.0,0.0,0.0,0.0,0.0,1664576488.385092
891,303538000000.0,50.0,1.0,1.0,0.0,1664576497.386219
892,303538000000.0,600.0,1.0,3.0,0.0,1664576497.386219
893,303538000000.0,0.49999991059303284,1.0,4.0,0.0,1664576497.386219
894,303538000000.0,22.312007904052734,1.0,6.0,0.0,1664576497.386219
895,303538000000.0,102126.1171875,1.0,7.0,0.0,1664576497.386219
896,303538000000.0,34.255550384521484,1.0,8.0,0.0,1664576497.386219
897,303538000000.0,84796.2890625,1.0,9.0,0.0,1664576497.386219
898,303538000000.0,1.0,1.0,12.0,0.0,1664576497.386219
899,303538000000.0,0.0,1.0,13.0,0.0,1664576497.386219
900,306538000000.0,50.0,1.0,1.0,0.0,1664576497.386219
901,306538000000.0,600.0,1.0,3.0,0.0,1664576497.386219
902,0.0,0.0,0.0,0.0,0.0,1664576497.386219
903,0.0,0.0,0.0,0.0,0.0,1664576497.386219
904,0.0,0.0,0.0,0.0,0.0,1664576497.386219
905,0.0,0.0,0.0,0.0,0.0,1664576497.386219
906,0.0,0.0,0.0,0.0,0.0,1664576497.386219
907,0.0,0.0,0.0,0.0,0.0,1664576497.386219
908,0.0,0.0,0.0,0.0,0.0,1664576497.386219
909,0.0,0.0,0.0,0.0,0.0,1664576497.386219
910,0.0,0.0,0.0,0.0,0.0,1664576497.386219
911,0.0,0.0,0.0,0.0,0.0,1664576497.386219
912,0.0,0.0,0.0,0.0,0.0,1664576497.386219
913,0.0,0.0,0.0,0.0,0.0,1664576497.386219
914,0.0,0.0,0.0,0.0,0.0,1664576497.386219
915,0.0,0.0,0.0,0.0,0.0,1664576497.386219
916,0.0,0.0,0.0,0.0,0.0,1664576497.386219
917,0.0,0.0,0.0,0.0,0.0,1664576497.386219
918,312538000000.0,50.1799430847168,1.0,1.0,1.0,1664576506.4021602
919,312538000000.0,600.3143920898438,1.0,3.0,1.0,1664576506.4021602
920,312538000000.0,0.5008918642997742,1.0,4.0,1.0,1664576506.4021602
921,312538000000.0,22.286645889282227,1.0,6.0,0.0,1664576506.4021602
922,312538000000.0,102126.8046875,1.0,7.0,0.0,1664576506.4021602
923,312538000000.0,34.25883865356445,1.0,8.0,0.0,1664576506.4021602
924,312538000000.0,84293.7109375,1.0,9.0,0.0,1664576506.4021602
925,312538000000.0,1.0,1.0,12.0,0.0,1664576506.4021602
926,312538000000.0,1.0,1.0,13.0,0.0,1664576506.4021602
927,315538000000.0,50.0,1.0,1.0,1.0,1664576506.4021602
928,315538000000.0,600.0,1.0,3.0,1.0,1664576506.4021602
929,0.0,0.0,0.0,0.0,0.0,1664576506.4021602
930,0.0,0.0,0.0,0.0,0.0,1664576506.4021602
931,0.0,0.0,0.0,0.0,0.0,1664576506.4021602
932,0.0,0.0,0.0,0.0,0.0,1664576506.4021602
933,0.0,0.0,0.0,0.0,0.0,1664576506.4021602
934,0.0,0.0,0.0,0.0,0.0,1664576506.4021602
935,0.0,0.0,0.0,0.0,0.0,1664576506.4021602
936,0.0,0.0,0.0,0.0,0.0,1664576506.4021602
937,0.0,0.0,0.0,0.0,0.0,1664576506.4021602
938,0.0,0.0,0.0,0.0,0.0,1664576506.4021602
939,0.0,0.0,0.0,0.0,0.0,1664576506.4021602
940,0.0,0.0,0.0,0.0,0.0,1664576506.4021602
941,0.0,0.0,0.0,0.0,0.0,1664576506.4021602
942,0.0,0.0,0.0,0.0,0.0,1664576506.4021602
943,0.0,0.0,0.0,0.0,0.0,1664576506.4021602
944,0.0,0.0,0.0,0.0,0.0,1664576506.4021602
945,321538000000.0,50.0,1.0,1.0,1.0,1664576515.402831
946,321538000000.0,600.0,1.0,3.0,1.0,1664576515.402831
947,321538000000.0,0.49999991059303284,1.0,4.0,1.0,1664576515.402831
948,321538000000.0,22.233381271362305,1.0,6.0,0.0,1664576515.402831
949,321538000000.0,102127.0,1.0,7.0,0.0,1664576515.402831
950,321538000000.0,34.327308654785156,1.0,8.0,0.0,1664576515.402831
951,321538000000.0,84880.6328125,1.0,9.0,0.0,1664576515.402831
952,321538000000.0,1.0,1.0,12.0,0.0,1664576515.402831
953,321538000000.0,1.0,1.0,13.0,0.0,1664576515.402831
954,324538000000.0,50.0,1.0,1.0,1.0,1664576515.402831
955,324538000000.0,600.0,1.0,3.0,1.0,1664576515.402831
956,0.0,0.0,0.0,0.0,0.0,1664576515.402831
957,0.0,0.0,0.0,0.0,0.0,1664576515.402831
958,0.0,0.0,0.0,0.0,0.0,1664576515.402831
959,0.0,0.0,0.0,0.0,0.0,1664576515.402831
960,0.0,0.0,0.0,0.0,0.0,1664576515.402831
961,0.0,0.0,0.0,0.0,0.0,1664576515.402831
962,0.0,0.0,0.0,0.0,0.0,1664576515.402831
963,0.0,0.0,0.0,0.0,0.0,1664576515.402831
964,0.0,0.0,0.0,0.0,0.0,1664576515.402831
965,0.0,0.0,0.0,0.0,0.0,1664576515.402831
966,0.0,0.0,0.0,0.0,0.0,1664576515.402831
967,0.0,0.0,0.0,0.0,0.0,1664576515.402831
968,0.0,0.0,0.0,0.0,0.0,1664576515.402831
969,0.0,0.0,0.0,0.0,0.0,1664576515.402831
970,0.0,0.0,0.0,0.0,0.0,1664576515.402831
971,0.0,0.0,0.0,0.0,0.0,1664576515.402831
972,330538000000.0,50.0,1.0,1.0,1.0,1664576524.403158
973,330538000000.0,600.0,1.0,3.0,1.0,1664576524.403158
974,330538000000.0,0.49999991059303284,1.0,4.0,1.0,1664576524.403158
975,330538000000.0,22.210556030273438,1.0,6.0,0.0,1664576524.403158
976,330538000000.0,102127.5703125,1.0,7.0,0.0,1664576524.403158
977,330538000000.0,34.40427017211914,1.0,8.0,0.0,1664576524.403158
978,330538000000.0,84880.6328125,1.0,9.0,0.0,1664576524.403158
979,330538000000.0,1.0,1.0,12.0,0.0,1664576524.403158
980,330538000000.0,1.0,1.0,13.0,0.0,1664576524.403158
981,333538000000.0,51.28662109375,1.0,1.0,1.0,1664576524.403158
982,333538000000.0,602.2481689453125,1.0,3.0,1.0,1664576524.403158
983,0.0,0.0,0.0,0.0,0.0,1664576524.403158
984,0.0,0.0,0.0,0.0,0.0,1664576524.403158
985,0.0,0.0,0.0,0.0,0.0,1664576524.403158
986,0.0,0.0,0.0,0.0,0.0,1664576524.403158
987,0.0,0.0,0.0,0.0,0.0,1664576524.403158
988,0.0,0.0,0.0,0.0,0.0,1664576524.403158
989,0.0,0.0,0.0,0.0,0.0,1664576524.403158
990,0.0,0.0,0.0,0.0,0.0,1664576524.403158
991,0.0,0.0,0.0,0.0,0.0,1664576524.403158
992,0.0,0.0,0.0,0.0,0.0,1664576524.403158
993,0.0,0.0,0.0,0.0,0.0,1664576524.403158
994,0.0,0.0,0.0,0.0,0.0,1664576524.403158
995,0.0,0.0,0.0,0.0,0.0,1664576524.403158
996,0.0,0.0,0.0,0.0,0.0,1664576524.403158
997,0.0,0.0,0.0,0.0,0.0,1664576524.403158
998,0.0,0.0,0.0,0.0,0.0,1664576524.403158
999,339538000000.0,51.73858642578125,1.0,1.0,1.0,1664576533.408146
1000,339538000000.0,603.037841796875,1.0,3.0,1.0,1664576533.408146
1001,339538000000.0,0.5086848139762878,1.0,4.0,1.0,1664576533.408146
1002,339538000000.0,22.180118560791016,1.0,6.0,0.0,1664576533.408146
1003,339538000000.0,102125.78125,1.0,7.0,0.0,1664576533.408146
1004,339538000000.0,34.46360397338867,1.0,8.0,0.0,1664576533.408146
1005,339538000000.0,84210.5234375,1.0,9.0,0.0,1664576533.408146
1006,339538000000.0,1.0,1.0,12.0,0.0,1664576533.408146
1007,339538000000.0,1.0,1.0,13.0,0.0,1664576533.408146
1008,342538000000.0,50.83465576171875,1.0,1.0,1.0,1664576533.408146
1009,342538000000.0,601.4583740234375,1.0,3.0,1.0,1664576533.408146
1010,0.0,0.0,0.0,0.0,0.0,1664576533.408146
1011,0.0,0.0,0.0,0.0,0.0,1664576533.408146
1012,0.0,0.0,0.0,0.0,0.0,1664576533.408146
1013,0.0,0.0,0.0,0.0,0.0,1664576533.408146
1014,0.0,0.0,0.0,0.0,0.0,1664576533.408146
1015,0.0,0.0,0.0,0.0,0.0,1664576533.408146
1016,0.0,0.0,0.0,0.0,0.0,1664576533.408146
1017,0.0,0.0,0.0,0.0,0.0,1664576533.408146
1018,0.0,0.0,0.0,0.0,0.0,1664576533.408146
1019,0.0,0.0,0.0,0.0,0.0,1664576533.408146
1020,0.0,0.0,0.0,0.0,0.0,1664576533.408146
1021,0.0,0.0,0.0,0.0,0.0,1664576533.408146
1022,0.0,0.0,0.0,0.0,0.0,1664576533.408146
1023,0.0,0.0,0.0,0.0,0.0,1664576533.408146
1024,0.0,0.0,0.0,0.0,0.0,1664576533.408146
1025,0.0,0.0,0.0,0.0,0.0,1664576533.408146
1026,348538000000.0,50.03801727294922,1.0,1.0,1.0,1664576542.4046469
1027,348538000000.0,600.06640625,1.0,3.0,1.0,1664576542.4046469
1028,348538000000.0,0.5001882314682007,1.0,4.0,1.0,1664576542.4046469
1029,348538000000.0,22.149682998657227,1.0,6.0,0.0,1664576542.4046469
1030,348538000000.0,102126.6328125,1.0,7.0,0.0,1664576542.4046469
1031,348538000000.0,34.48337936401367,1.0,8.0,0.0,1664576542.4046469
1032,348538000000.0,85049.8359375,1.0,9.0,0.0,1664576542.4046469
1033,348538000000.0,1.0,1.0,12.0,0.0,1664576542.4046469
1034,348538000000.0,1.0,1.0,13.0,0.0,1664576542.4046469
1035,351538000000.0,50.0,1.0,1.0,1.0,1664576542.4046469
1036,351538000000.0,600.0,1.0,3.0,1.0,1664576542.4046469
1037,0.0,0.0,0.0,0.0,0.0,1664576542.4046469
1038,0.0,0.0,0.0,0.0,0.0,1664576542.4046469
1039,0.0,0.0,0.0,0.0,0.0,1664576542.4046469
1040,0.0,0.0,0.0,0.0,0.0,1664576542.4046469
1041,0.0,0.0,0.0,0.0,0.0,1664576542.4046469
1042,0.0,0.0,0.0,0.0,0.0,1664576542.4046469
1043,0.0,0.0,0.0,0.0,0.0,1664576542.4046469
1044,0.0,0.0,0.0,0.0,0.0,1664576542.4046469
1045,0.0,0.0,0.0,0.0,0.0,1664576542.4046469
1046,0.0,0.0,0.0,0.0,0.0,1664576542.4046469
1047,0.0,0.0,0.0,0.0,0.0,1664576542.4046469
1048,0.0,0.0,0.0,0.0,0.0,1664576542.4046469
1049,0.0,0.0,0.0,0.0,0.0,1664576542.4046469
1050,0.0,0.0,0.0,0.0,0.0,1664576542.4046469
1051,0.0,0.0,0.0,0.0,0.0,1664576542.4046469
1052,0.0,0.0,0.0,0.0,0.0,1664576542.4046469
1053,357538000000.0,50.0,1.0,1.0,1.0,1664576551.4205859
1054,357538000000.0,600.0,1.0,3.0,1.0,1664576551.4205859
1055,357538000000.0,0.49999991059303284,1.0,4.0,1.0,1664576551.4205859
1056,357538000000.0,22.182655334472656,1.0,6.0,0.0,1664576551.4205859
1057,357538000000.0,102125.71875,1.0,7.0,0.0,1664576551.4205859
1058,357538000000.0,34.52037048339844,1.0,8.0,0.0,1664576551.4205859
1059,357538000000.0,84965.1484375,1.0,9.0,0.0,1664576551.4205859
1060,357538000000.0,1.0,1.0,12.0,0.0,1664576551.4205859
1061,357538000000.0,1.0,1.0,13.0,0.0,1664576551.4205859
1062,360538000000.0,50.140235900878906,1.0,1.0,1.0,1664576551.4205859
1063,360538000000.0,600.2450561523438,1.0,3.0,1.0,1664576551.4205859
1064,0.0,0.0,0.0,0.0,0.0,1664576551.4205859
1065,0.0,0.0,0.0,0.0,0.0,1664576551.4205859
1066,0.0,0.0,0.0,0.0,0.0,1664576551.4205859
1067,0.0,0.0,0.0,0.0,0.0,1664576551.4205859
1068,0.0,0.0,0.0,0.0,0.0,1664576551.4205859
1069,0.0,0.0,0.0,0.0,0.0,1664576551.4205859
1070,0.0,0.0,0.0,0.0,0.0,1664576551.4205859
1071,0.0,0.0,0.0,0.0,0.0,1664576551.4205859
1072,0.0,0.0,0.0,0.0,0.0,1664576551.4205859
1073,0.0,0.0,0.0,0.0,0.0,1664576551.4205859
1074,0.0,0.0,0.0,0.0,0.0,1664576551.4205859
1075,0.0,0.0,0.0,0.0,0.0,1664576551.4205859
1076,0.0,0.0,0.0,0.0,0.0,1664576551.4205859
1077,0.0,0.0,0.0,0.0,0.0,1664576551.4205859
1078,0.0,0.0,0.0,0.0,0.0,1664576551.4205859
1079,0.0,0.0,0.0,0.0,0.0,1664576551.4205859
1080,366538000000.0,51.93457794189453,1.0,1.0,1.0,1664576560.420816
1081,366538000000.0,603.3803100585938,1.0,3.0,1.0,1664576560.420816
1082,366538000000.0,0.5096732378005981,1.0,4.0,1.0,1664576560.420816
1083,366538000000.0,22.175045013427734,1.0,6.0,0.0,1664576560.420816
1084,366538000000.0,102126.4765625,1.0,7.0,0.0,1664576560.420816
1085,366538000000.0,34.491390228271484,1.0,8.0,0.0,1664576560.420816
1086,366538000000.0,84628.1015625,1.0,9.0,0.0,1664576560.420816
1087,366538000000.0,1.0,1.0,12.0,0.0,1664576560.420816
1088,366538000000.0,1.0,1.0,13.0,0.0,1664576560.420816
1089,369538000000.0,51.23762512207031,1.0,1.0,1.0,1664576560.420816
1090,369538000000.0,602.1625366210938,1.0,3.0,1.0,1664576560.420816
1091,0.0,0.0,0.0,0.0,0.0,1664576560.420816
1092,0.0,0.0,0.0,0.0,0.0,1664576560.420816
1093,0.0,0.0,0.0,0.0,0.0,1664576560.420816
1094,0.0,0.0,0.0,0.0,0.0,1664576560.420816
1095,0.0,0.0,0.0,0.0,0.0,1664576560.420816
1096,0.0,0.0,0.0,0.0,0.0,1664576560.420816
1097,0.0,0.0,0.0,0.0,0.0,1664576560.420816
1098,0.0,0.0,0.0,0.0,0.0,1664576560.420816
1099,0.0,0.0,0.0,0.0,0.0,1664576560.420816
1100,0.0,0.0,0.0,0.0,0.0,1664576560.420816
1101,0.0,0.0,0.0,0.0,0.0,1664576560.420816
1102,0.0,0.0,0.0,0.0,0.0,1664576560.420816
1103,0.0,0.0,0.0,0.0,0.0,1664576560.420816
1104,0.0,0.0,0.0,0.0,0.0,1664576560.420816
1105,0.0,0.0,0.0,0.0,0.0,1664576560.420816
1106,0.0,0.0,0.0,0.0,0.0,1664576560.420816
1107,375538000000.0,50.92335891723633,1.0,1.0,1.0,1664576569.421629
1108,375538000000.0,601.6134033203125,1.0,3.0,1.0,1664576569.421629
1109,375538000000.0,0.5045937895774841,1.0,4.0,1.0,1664576569.421629
1110,375538000000.0,22.177581787109375,1.0,6.0,0.0,1664576569.421629
1111,375538000000.0,102126.2109375,1.0,7.0,0.0,1664576569.421629
1112,375538000000.0,34.48032760620117,1.0,8.0,0.0,1664576569.421629
1113,375538000000.0,84628.1015625,1.0,9.0,0.0,1664576569.421629
1114,375538000000.0,1.0,1.0,12.0,0.0,1664576569.421629
1115,375538000000.0,1.0,1.0,13.0,0.0,1664576569.421629
1116,378538000000.0,50.0,1.0,1.0,1.0,1664576569.421629
1117,378538000000.0,600.0,1.0,3.0,1.0,1664576569.421629
1118,0.0,0.0,0.0,0.0,0.0,1664576569.421629
1119,0.0,0.0,0.0,0.0,0.0,1664576569.421629
1120,0.0,0.0,0.0,0.0,0.0,1664576569.421629
1121,0.0,0.0,0.0,0.0,0.0,1664576569.421629
1122,0.0,0.0,0.0,0.0,0.0,1664576569.421629
1123,0.0,0.0,0.0,0.0,0.0,1664576569.421629
1124,0.0,0.0,0.0,0.0,0.0,1664576569.421629
1125,0.0,0.0,0.0,0.0,0.0,1664576569.421629
1126,0.0,0.0,0.0,0.0,0.0,1664576569.421629
1127,0.0,0.0,0.0,0.0,0.0,1664576569.421629
1128,0.0,0.0,0.0,0.0,0.0,1664576569.421629
1129,0.0,0.0,0.0,0.0,0.0,1664576569.421629
1130,0.0,0.0,0.0,0.0,0.0,1664576569.421629
1131,0.0,0.0,0.0,0.0,0.0,1664576569.421629
1132,0.0,0.0,0.0,0.0,0.0,1664576569.421629
1133,0.0,0.0,0.0,0.0,0.0,1664576569.421629
1134,384538000000.0,50.0,1.0,1.0,1.0,1664576578.422348
1135,384538000000.0,600.0,1.0,3.0,1.0,1664576578.422348
1136,384538000000.0,0.49999991059303284,1.0,4.0,1.0,1664576578.422348
1137,384538000000.0,22.14714813232422,1.0,6.0,0.0,1664576578.422348
1138,384538000000.0,102128.984375,1.0,7.0,0.0,1664576578.422348
1139,384538000000.0,34.500099182128906,1.0,8.0,0.0,1664576578.422348
1140,384538000000.0,85049.8359375,1.0,9.0,0.0,1664576578.422348
1141,384538000000.0,1.0,1.0,12.0,0.0,1664576578.422348
1142,384538000000.0,1.0,1.0,13.0,0.0,1664576578.422348
1143,387538000000.0,50.733280181884766,1.0,1.0,1.0,1664576578.422348
1144,387538000000.0,601.28125,1.0,3.0,1.0,1664576578.422348
1145,0.0,0.0,0.0,0.0,0.0,1664576578.422348
1146,0.0,0.0,0.0,0.0,0.0,1664576578.422348
1147,0.0,0.0,0.0,0.0,0.0,1664576578.422348
1148,0.0,0.0,0.0,0.0,0.0,1664576578.422348
1149,0.0,0.0,0.0,0.0,0.0,1664576578.422348
1150,0.0,0.0,0.0,0.0,0.0,1664576578.422348
1151,0.0,0.0,0.0,0.0,0.0,1664576578.422348
1152,0.0,0.0,0.0,0.0,0.0,1664576578.422348
1153,0.0,0.0,0.0,0.0,0.0,1664576578.422348
1154,0.0,0.0,0.0,0.0,0.0,1664576578.422348
1155,0.0,0.0,0.0,0.0,0.0,1664576578.422348
1156,0.0,0.0,0.0,0.0,0.0,1664576578.422348
1157,0.0,0.0,0.0,0.0,0.0,1664576578.422348
1158,0.0,0.0,0.0,0.0,0.0,1664576578.422348
1159,0.0,0.0,0.0,0.0,0.0,1664576578.422348
1160,0.0,0.0,0.0,0.0,0.0,1664576578.422348
1161,393538000000.0,50.0,1.0,1.0,1.0,1664576587.4230442
1162,393538000000.0,600.0,1.0,3.0,1.0,1664576587.4230442
1163,393538000000.0,0.49999991059303284,1.0,4.0,1.0,1664576587.4230442
1164,393538000000.0,22.154756546020508,1.0,6.0,0.0,1664576587.4230442
1165,393538000000.0,102126.8203125,1.0,7.0,0.0,1664576587.4230442
1166,393538000000.0,34.52907943725586,1.0,8.0,0.0,1664576587.4230442
1167,393538000000.0,85390.2578125,1.0,9.0,0.0,1664576587.4230442
1168,393538000000.0,1.0,1.0,12.0,0.0,1664576587.4230442
1169,393538000000.0,1.0,1.0,13.0,0.0,1664576587.4230442
1170,396538000000.0,51.320411682128906,1.0,1.0,1.0,1664576587.4230442
1171,396538000000.0,602.3071899414062,1.0,3.0,1.0,1664576587.4230442
1172,0.0,0.0,0.0,0.0,0.0,1664576587.4230442
1173,0.0,0.0,0.0,0.0,0.0,1664576587.4230442
1174,0.0,0.0,0.0,0.0,0.0,1664576587.4230442
1175,0.0,0.0,0.0,0.0,0.0,1664576587.4230442
1176,0.0,0.0,0.0,0.0,0.0,1664576587.4230442
1177,0.0,0.0,0.0,0.0,0.0,1664576587.4230442
1178,0.0,0.0,0.0,0.0,0.0,1664576587.4230442
1179,0.0,0.0,0.0,0.0,0.0,1664576587.4230442
1180,0.0,0.0,0.0,0.0,0.0,1664576587.4230442
1181,0.0,0.0,0.0,0.0,0.0,1664576587.4230442
1182,0.0,0.0,0.0,0.0,0.0,1664576587.4230442
1183,0.0,0.0,0.0,0.0,0.0,1664576587.4230442
1184,0.0,0.0,0.0,0.0,0.0,1664576587.4230442
1185,0.0,0.0,0.0,0.0,0.0,1664576587.4230442
1186,0.0,0.0,0.0,0.0,0.0,1664576587.4230442
1187,0.0,0.0,0.0,0.0,0.0,1664576587.4230442
1188,402538000000.0,50.0,1.0,1.0,1.0,1664576596.4235048
1189,402538000000.0,600.0,1.0,3.0,1.0,1664576596.4235048
1190,402538000000.0,0.49999991059303284,1.0,4.0,1.0,1664576596.4235048
1191,402538000000.0,22.149682998657227,1.0,6.0,0.0,1664576596.4235048
1192,402538000000.0,102126.453125,1.0,7.0,0.0,1664576596.4235048
1193,402538000000.0,34.51729965209961,1.0,8.0,0.0,1664576596.4235048
1194,402538000000.0,85475.796875,1.0,9.0,0.0,1664576596.4235048
1195,402538000000.0,1.0,1.0,12.0,0.0,1664576596.4235048
1196,402538000000.0,1.0,1.0,13.0,0.0,1664576596.4235048
1197,405538000000.0,50.21880340576172,1.0,1.0,1.0,1664576596.4235048
1198,405538000000.0,600.38232421875,1.0,3.0,1.0,1664576596.4235048
1199,0.0,0.0,0.0,0.0,0.0,1664576596.4235048
1200,0.0,0.0,0.0,0.0,0.0,1664576596.4235048
1201,0.0,0.0,0.0,0.0,0.0,1664576596.4235048
1202,0.0,0.0,0.0,0.0,0.0,1664576596.4235048
1203,0.0,0.0,0.0,0.0,0.0,1664576596.4235048
1204,0.0,0.0,0.0,0.0,0.0,1664576596.4235048
1205,0.0,0.0,0.0,0.0,0.0,1664576596.4235048
1206,0.0,0.0,0.0,0.0,0.0,1664576596.4235048
1207,0.0,0.0,0.0,0.0,0.0,1664576596.4235048
1208,0.0,0.0,0.0,0.0,0.0,1664576596.4235048
1209,0.0,0.0,0.0,0.0,0.0,1664576596.4235048
1210,0.0,0.0,0.0,0.0,0.0,1664576596.4235048
1211,0.0,0.0,0.0,0.0,0.0,1664576596.4235048
1212,0.0,0.0,0.0,0.0,0.0,1664576596.4235048
1213,0.0,0.0,0.0,0.0,0.0,1664576596.4235048
1214,0.0,0.0,0.0,0.0,0.0,1664576596.4235048
1215,411538000000.0,50.0,1.0,1.0,1.0,1664576605.440258
1216,411538000000.0,600.0,1.0,3.0,1.0,1664576605.440258
1217,411538000000.0,0.49999991059303284,1.0,4.0,1.0,1664576605.440258
1218,411538000000.0,22.169973373413086,1.0,6.0,0.0,1664576605.440258
1219,411538000000.0,102125.625,1.0,7.0,0.0,1664576605.440258
1220,411538000000.0,34.524845123291016,1.0,8.0,0.0,1664576605.440258
1221,411538000000.0,85647.375,1.0,9.0,0.0,1664576605.440258
1222,411538000000.0,1.0,1.0,12.0,0.0,1664576605.440258
1223,411538000000.0,1.0,1.0,13.0,0.0,1664576605.440258
1224,414538000000.0,50.04308319091797,1.0,1.0,1.0,1664576605.440258
1225,414538000000.0,600.0753173828125,1.0,3.0,1.0,1664576605.440258
1226,0.0,0.0,0.0,0.0,0.0,1664576605.440258
1227,0.0,0.0,0.0,0.0,0.0,1664576605.440258
1228,0.0,0.0,0.0,0.0,0.0,1664576605.440258
1229,0.0,0.0,0.0,0.0,0.0,1664576605.440258
1230,0.0,0.0,0.0,0.0,0.0,1664576605.440258
1231,0.0,0.0,0.0,0.0,0.0,1664576605.440258
1232,0.0,0.0,0.0,0.0,0.0,1664576605.440258
1233,0.0,0.0,0.0,0.0,0.0,1664576605.440258
1234,0.0,0.0,0.0,0.0,0.0,1664576605.440258
1235,0.0,0.0,0.0,0.0,0.0,1664576605.440258
1236,0.0,0.0,0.0,0.0,0.0,1664576605.440258
1237,0.0,0.0,0.0,0.0,0.0,1664576605.440258
1238,0.0,0.0,0.0,0.0,0.0,1664576605.440258
1239,0.0,0.0,0.0,0.0,0.0,1664576605.440258
1240,0.0,0.0,0.0,0.0,0.0,1664576605.440258
1241,0.0,0.0,0.0,0.0,0.0,1664576605.440258
1242,420538000000.0,50.0,1.0,1.0,1.0,1664576614.449632
1243,420538000000.0,600.0,1.0,3.0,1.0,1664576614.449632
1244,420538000000.0,0.49999991059303284,1.0,4.0,1.0,1664576614.449632
1245,420538000000.0,22.164899826049805,1.0,6.0,0.0,1664576614.449632
1246,420538000000.0,102126.828125,1.0,7.0,0.0,1664576614.449632
1247,420538000000.0,34.513057708740234,1.0,8.0,0.0,1664576614.449632
1248,420538000000.0,85647.375,1.0,9.0,0.0,1664576614.449632
1249,420538000000.0,1.0,1.0,12.0,0.0,1664576614.449632
1250,420538000000.0,1.0,1.0,13.0,0.0,1664576614.449632
1251,423538000000.0,50.267799377441406,1.0,1.0,1.0,1664576614.449632
1252,423538000000.0,600.4678955078125,1.0,3.0,1.0,1664576614.449632
1253,0.0,0.0,0.0,0.0,0.0,1664576614.449632
1254,0.0,0.0,0.0,0.0,0.0,1664576614.449632
1255,0.0,0.0,0.0,0.0,0.0,1664576614.449632
1256,0.0,0.0,0.0,0.0,0.0,1664576614.449632
1257,0.0,0.0,0.0,0.0,0.0,1664576614.449632
1258,0.0,0.0,0.0,0.0,0.0,1664576614.449632
1259,0.0,0.0,0.0,0.0,0.0,1664576614.449632
1260,0.0,0.0,0.0,0.0,0.0,1664576614.449632
1261,0.0,0.0,0.0,0.0,0.0,1664576614.449632
1262,0.0,0.0,0.0,0.0,0.0,1664576614.449632
1263,0.0,0.0,0.0,0.0,0.0,1664576614.449632
1264,0.0,0.0,0.0,0.0,0.0,1664576614.449632
1265,0.0,0.0,0.0,0.0,0.0,1664576614.449632
1266,0.0,0.0,0.0,0.0,0.0,1664576614.449632
1267,0.0,0.0,0.0,0.0,0.0,1664576614.449632
1268,0.0,0.0,0.0,0.0,0.0,1664576614.449632
1269,429538000000.0,51.832359313964844,1.0,1.0,1.0,1664576623.4411771
1270,429538000000.0,603.2017211914062,1.0,3.0,1.0,1664576623.4411771
1271,429538000000.0,0.5091574788093567,1.0,4.0,1.0,1664576623.4411771
1272,429538000000.0,22.213092803955078,1.0,6.0,0.0,1664576623.4411771
1273,429538000000.0,102124.1796875,1.0,7.0,0.0,1664576623.4411771
1274,429538000000.0,34.48362731933594,1.0,8.0,0.0,1664576623.4411771
1275,429538000000.0,85219.7109375,1.0,9.0,0.0,1664576623.4411771
1276,429538000000.0,1.0,1.0,12.0,0.0,1664576623.4411771
1277,429538000000.0,1.0,1.0,13.0,0.0,1664576623.4411771
1278,432538000000.0,51.036563873291016,1.0,1.0,1.0,1664576623.4411771
1279,432538000000.0,601.8112182617188,1.0,3.0,1.0,1664576623.4411771
1280,0.0,0.0,0.0,0.0,0.0,1664576623.4411771
1281,0.0,0.0,0.0,0.0,0.0,1664576623.4411771
1282,0.0,0.0,0.0,0.0,0.0,1664576623.4411771
1283,0.0,0.0,0.0,0.0,0.0,1664576623.4411771
1284,0.0,0.0,0.0,0.0,0.0,1664576623.4411771
1285,0.0,0.0,0.0,0.0,0.0,1664576623.4411771
1286,0.0,0.0,0.0,0.0,0.0,1664576623.4411771
1287,0.0,0.0,0.0,0.0,0.0,1664576623.4411771
1288,0.0,0.0,0.0,0.0,0.0,1664576623.4411771
1289,0.0,0.0,0.0,0.0,0.0,1664576623.4411771
1290,0.0,0.0,0.0,0.0,0.0,1664576623.4411771
1291,0.0,0.0,0.0,0.0,0.0,1664576623.4411771
1292,0.0,0.0,0.0,0.0,0.0,1664576623.4411771
1293,0.0,0.0,0.0,0.0,0.0,1664576623.4411771
1294,0.0,0.0,0.0,0.0,0.0,1664576623.4411771
1295,0.0,0.0,0.0,0.0,0.0,1664576623.4411771
1296,438538000000.0,50.0,1.0,1.0,1.0,1664576632.4442592
1297,438538000000.0,600.0,1.0,3.0,1.0,1664576632.4442592
1298,438538000000.0,0.49999991059303284,1.0,4.0,1.0,1664576632.4442592
1299,438538000000.0,22.210556030273438,1.0,6.0,0.0,1664576632.4442592
1300,438538000000.0,102127.390625,1.0,7.0,0.0,1664576632.4442592
1301,438538000000.0,34.42687225341797,1.0,8.0,0.0,1664576632.4442592
1302,438538000000.0,85733.421875,1.0,9.0,0.0,1664576632.4442592
1303,438538000000.0,1.0,1.0,12.0,0.0,1664576632.4442592
1304,438538000000.0,1.0,1.0,13.0,0.0,1664576632.4442592
1305,441538000000.0,50.0,1.0,1.0,1.0,1664576632.4442592
1306,441538000000.0,600.0,1.0,3.0,1.0,1664576632.4442592
1307,0.0,0.0,0.0,0.0,0.0,1664576632.4442592
1308,0.0,0.0,0.0,0.0,0.0,1664576632.4442592
1309,0.0,0.0,0.0,0.0,0.0,1664576632.4442592
1310,0.0,0.0,0.0,0.0,0.0,1664576632.4442592
1311,0.0,0.0,0.0,0.0,0.0,1664576632.4442592
1312,0.0,0.0,0.0,0.0,0.0,1664576632.4442592
1313,0.0,0.0,0.0,0.0,0.0,1664576632.4442592
1314,0.0,0.0,0.0,0.0,0.0,1664576632.4442592
1315,0.0,0.0,0.0,0.0,0.0,1664576632.4442592
1316,0.0,0.0,0.0,0.0,0.0,1664576632.4442592
1317,0.0,0.0,0.0,0.0,0.0,1664576632.4442592
1318,0.0,0.0,0.0,0.0,0.0,1664576632.4442592
1319,0.0,0.0,0.0,0.0,0.0,1664576632.4442592
1320,0.0,0.0,0.0,0.0,0.0,1664576632.4442592
1321,0.0,0.0,0.0,0.0,0.0,1664576632.4442592
1322,0.0,0.0,0.0,0.0,0.0,1664576632.4442592
1323,447538000000.0,50.0,1.0,1.0,1.0,1664576641.442383
1324,447538000000.0,600.0,1.0,3.0,1.0,1664576641.442383
1325,447538000000.0,0.49999991059303284,1.0,4.0,1.0,1664576641.442383
1326,447538000000.0,22.190263748168945,1.0,6.0,0.0,1664576641.442383
1327,447538000000.0,102125.8046875,1.0,7.0,0.0,1664576641.442383
1328,447538000000.0,34.42498779296875,1.0,8.0,0.0,1664576641.442383
1329,447538000000.0,85561.5,1.0,9.0,0.0,1664576641.442383
1330,447538000000.0,1.0,1.0,12.0,0.0,1664576641.442383
1331,447538000000.0,1.0,1.0,13.0,0.0,1664576641.442383
1332,450538000000.0,50.0,1.0,1.0,1.0,1664576641.442383
1333,450538000000.0,600.0,1.0,3.0,1.0,1664576641.442383
1334,0.0,0.0,0.0,0.0,0.0,1664576641.442383
1335,0.0,0.0,0.0,0.0,0.0,1664576641.442383
1336,0.0,0.0,0.0,0.0,0.0,1664576641.442383
1337,0.0,0.0,0.0,0.0,0.0,1664576641.442383
1338,0.0,0.0,0.0,0.0,0.0,1664576641.442383
1339,0.0,0.0,0.0,0.0,0.0,1664576641.442383
1340,0.0,0.0,0.0,0.0,0.0,1664576641.442383
1341,0.0,0.0,0.0,0.0,0.0,1664576641.442383
1342,0.0,0.0,0.0,0.0,0.0,1664576641.442383
1343,0.0,0.0,0.0,0.0,0.0,1664576641.442383
1344,0.0,0.0,0.0,0.0,0.0,1664576641.442383
1345,0.0,0.0,0.0,0.0,0.0,1664576641.442383
1346,0.0,0.0,0.0,0.0,0.0,1664576641.442383
1347,0.0,0.0,0.0,0.0,0.0,1664576641.442383
1348,0.0,0.0,0.0,0.0,0.0,1664576641.442383
1349,0.0,0.0,0.0,0.0,0.0,1664576641.442383
1350,456538000000.0,51.15229797363281,1.0,1.0,1.0,1664576650.458223
1351,456538000000.0,602.013427734375,1.0,3.0,1.0,1664576650.458223
1352,456538000000.0,0.5057393312454224,1.0,4.0,1.0,1664576650.458223
1353,456538000000.0,22.213092803955078,1.0,6.0,0.0,1664576650.458223
1354,456538000000.0,102125.9296875,1.0,7.0,0.0,1664576650.458223
1355,456538000000.0,34.42710876464844,1.0,8.0,0.0,1664576650.458223
1356,456538000000.0,85475.796875,1.0,9.0,0.0,1664576650.458223
1357,456538000000.0,1.0,1.0,12.0,0.0,1664576650.458223
1358,456538000000.0,1.0,1.0,13.0,0.0,1664576650.458223
1359,459538000000.0,50.76791763305664,1.0,1.0,1.0,1664576650.458223
1360,459538000000.0,601.341796875,1.0,3.0,1.0,1664576650.458223
1361,0.0,0.0,0.0,0.0,0.0,1664576650.458223
1362,0.0,0.0,0.0,0.0,0.0,1664576650.458223
1363,0.0,0.0,0.0,0.0,0.0,1664576650.458223
1364,0.0,0.0,0.0,0.0,0.0,1664576650.458223
1365,0.0,0.0,0.0,0.0,0.0,1664576650.458223
1366,0.0,0.0,0.0,0.0,0.0,1664576650.458223
1367,0.0,0.0,0.0,0.0,0.0,1664576650.458223
1368,0.0,0.0,0.0,0.0,0.0,1664576650.458223
1369,0.0,0.0,0.0,0.0,0.0,1664576650.458223
1370,0.0,0.0,0.0,0.0,0.0,1664576650.458223
1371,0.0,0.0,0.0,0.0,0.0,1664576650.458223
1372,0.0,0.0,0.0,0.0,0.0,1664576650.458223
1373,0.0,0.0,0.0,0.0,0.0,1664576650.458223
1374,0.0,0.0,0.0,0.0,0.0,1664576650.458223
1375,0.0,0.0,0.0,0.0,0.0,1664576650.458223
1376,0.0,0.0,0.0,0.0,0.0,1664576650.458223
1377,465538000000.0,51.126956939697266,1.0,1.0,1.0,1664576659.4591029
1378,465538000000.0,601.9691162109375,1.0,3.0,1.0,1664576659.4591029
1379,465538000000.0,0.5056124329566956,1.0,4.0,1.0,1664576659.4591029
1380,465538000000.0,22.225772857666016,1.0,6.0,0.0,1664576659.4591029
1381,465538000000.0,102127.40625,1.0,7.0,0.0,1664576659.4591029
1382,465538000000.0,34.394386291503906,1.0,8.0,0.0,1664576659.4591029
1383,465538000000.0,85733.421875,1.0,9.0,0.0,1664576659.4591029
1384,465538000000.0,1.0,1.0,12.0,0.0,1664576659.4591029
1385,465538000000.0,1.0,1.0,13.0,0.0,1664576659.4591029
1386,468538000000.0,50.0,1.0,1.0,1.0,1664576659.4591029
1387,468538000000.0,600.0,1.0,3.0,1.0,1664576659.4591029
1388,0.0,0.0,0.0,0.0,0.0,1664576659.4591029
1389,0.0,0.0,0.0,0.0,0.0,1664576659.4591029
1390,0.0,0.0,0.0,0.0,0.0,1664576659.4591029
1391,0.0,0.0,0.0,0.0,0.0,1664576659.4591029
1392,0.0,0.0,0.0,0.0,0.0,1664576659.4591029
1393,0.0,0.0,0.0,0.0,0.0,1664576659.4591029
1394,0.0,0.0,0.0,0.0,0.0,1664576659.4591029
1395,0.0,0.0,0.0,0.0,0.0,1664576659.4591029
1396,0.0,0.0,0.0,0.0,0.0,1664576659.4591029
1397,0.0,0.0,0.0,0.0,0.0,1664576659.4591029
1398,0.0,0.0,0.0,0.0,0.0,1664576659.4591029
1399,0.0,0.0,0.0,0.0,0.0,1664576659.4591029
1400,0.0,0.0,0.0,0.0,0.0,1664576659.4591029
1401,0.0,0.0,0.0,0.0,0.0,1664576659.4591029
1402,0.0,0.0,0.0,0.0,0.0,1664576659.4591029
1403,0.0,0.0,0.0,0.0,0.0,1664576659.4591029
1404,474538000000.0,51.11512756347656,1.0,1.0,1.0,1664576668.459657
1405,474538000000.0,601.948486328125,1.0,3.0,1.0,1664576668.459657
1406,474538000000.0,0.5055531859397888,1.0,4.0,1.0,1664576668.459657
1407,474538000000.0,22.228309631347656,1.0,6.0,0.0,1664576668.459657
1408,474538000000.0,102128.0390625,1.0,7.0,0.0,1664576668.459657
1409,474538000000.0,34.36637496948242,1.0,8.0,0.0,1664576668.459657
1410,474538000000.0,85992.609375,1.0,9.0,0.0,1664576668.459657
1411,474538000000.0,1.0,1.0,12.0,0.0,1664576668.459657
1412,474538000000.0,1.0,1.0,13.0,0.0,1664576668.459657
1413,477538000000.0,51.60933303833008,1.0,1.0,1.0,1664576668.459657
1414,477538000000.0,602.81201171875,1.0,3.0,1.0,1664576668.459657
1415,0.0,0.0,0.0,0.0,0.0,1664576668.459657
1416,0.0,0.0,0.0,0.0,0.0,1664576668.459657
1417,0.0,0.0,0.0,0.0,0.0,1664576668.459657
1418,0.0,0.0,0.0,0.0,0.0,1664576668.459657
1419,0.0,0.0,0.0,0.0,0.0,1664576668.459657
1420,0.0,0.0,0.0,0.0,0.0,1664576668.459657
1421,0.0,0.0,0.0,0.0,0.0,1664576668.459657
1422,0.0,0.0,0.0,0.0,0.0,1664576668.459657
1423,0.0,0.0,0.0,0.0,0.0,1664576668.459657
1424,0.0,0.0,0.0,0.0,0.0,1664576668.459657
1425,0.0,0.0,0.0,0.0,0.0,1664576668.459657
1426,0.0,0.0,0.0,0.0,0.0,1664576668.459657
1427,0.0,0.0,0.0,0.0,0.0,1664576668.459657
1428,0.0,0.0,0.0,0.0,0.0,1664576668.459657
1429,0.0,0.0,0.0,0.0,0.0,1664576668.459657
1430,0.0,0.0,0.0,0.0,0.0,1664576668.459657
1431,483538000000.0,51.63383102416992,1.0,1.0,1.0,1664576677.4600499
1432,483538000000.0,602.8548583984375,1.0,3.0,1.0,1664576677.4600499
1433,483538000000.0,0.5081572532653809,1.0,4.0,1.0,1664576677.4600499
1434,483538000000.0,22.230846405029297,1.0,6.0,0.0,1664576677.4600499
1435,483538000000.0,102126.7265625,1.0,7.0,0.0,1664576677.4600499
1436,483538000000.0,34.355316162109375,1.0,8.0,0.0,1664576677.4600499
1437,483538000000.0,85733.421875,1.0,9.0,0.0,1664576677.4600499
1438,483538000000.0,1.0,1.0,12.0,0.0,1664576677.4600499
1439,483538000000.0,1.0,1.0,13.0,0.0,1664576677.4600499
1440,486538000000.0,51.03064727783203,1.0,1.0,1.0,1664576677.4600499
1441,486538000000.0,601.8009033203125,1.0,3.0,1.0,1664576677.4600499
1442,0.0,0.0,0.0,0.0,0.0,1664576677.4600499
1443,0.0,0.0,0.0,0.0,0.0,1664576677.4600499
1444,0.0,0.0,0.0,0.0,0.0,1664576677.4600499
1445,0.0,0.0,0.0,0.0,0.0,1664576677.4600499
1446,0.0,0.0,0.0,0.0,0.0,1664576677.4600499
1447,0.0,0.0,0.0,0.0,0.0,1664576677.4600499
1448,0.0,0.0,0.0,0.0,0.0,1664576677.4600499
1449,0.0,0.0,0.0,0.0,0.0,1664576677.4600499
1450,0.0,0.0,0.0,0.0,0.0,1664576677.4600499
1451,0.0,0.0,0.0,0.0,0.0,1664576677.4600499
1452,0.0,0.0,0.0,0.0,0.0,1664576677.4600499
1453,0.0,0.0,0.0,0.0,0.0,1664576677.4600499
1454,0.0,0.0,0.0,0.0,0.0,1664576677.4600499
1455,0.0,0.0,0.0,0.0,0.0,1664576677.4600499
1456,0.0,0.0,0.0,0.0,0.0,1664576677.4600499
1457,0.0,0.0,0.0,0.0,0.0,1664576677.4600499
1458,492538000000.0,50.78988265991211,1.0,1.0,1.0,1664576686.4606478
1459,492538000000.0,601.3801879882812,1.0,3.0,1.0,1664576686.4606478
1460,492538000000.0,0.5039271712303162,1.0,4.0,1.0,1664576686.4606478
1461,492538000000.0,22.225772857666016,1.0,6.0,0.0,1664576686.4606478
1462,492538000000.0,102126.7109375,1.0,7.0,0.0,1664576686.4606478
1463,492538000000.0,34.34919357299805,1.0,8.0,0.0,1664576686.4606478
1464,492538000000.0,85906.0390625,1.0,9.0,0.0,1664576686.4606478
1465,492538000000.0,1.0,1.0,12.0,0.0,1664576686.4606478
1466,492538000000.0,1.0,1.0,13.0,0.0,1664576686.4606478
1467,495538000000.0,51.21397018432617,1.0,1.0,1.0,1664576686.4606478
1468,495538000000.0,602.1212158203125,1.0,3.0,1.0,1664576686.4606478
1469,0.0,0.0,0.0,0.0,0.0,1664576686.4606478
1470,0.0,0.0,0.0,0.0,0.0,1664576686.4606478
1471,0.0,0.0,0.0,0.0,0.0,1664576686.4606478
1472,0.0,0.0,0.0,0.0,0.0,1664576686.4606478
1473,0.0,0.0,0.0,0.0,0.0,1664576686.4606478
1474,0.0,0.0,0.0,0.0,0.0,1664576686.4606478
1475,0.0,0.0,0.0,0.0,0.0,1664576686.4606478
1476,0.0,0.0,0.0,0.0,0.0,1664576686.4606478
1477,0.0,0.0,0.0,0.0,0.0,1664576686.4606478
1478,0.0,0.0,0.0,0.0,0.0,1664576686.4606478
1479,0.0,0.0,0.0,0.0,0.0,1664576686.4606478
1480,0.0,0.0,0.0,0.0,0.0,1664576686.4606478
1481,0.0,0.0,0.0,0.0,0.0,1664576686.4606478
1482,0.0,0.0,0.0,0.0,0.0,1664576686.4606478
1483,0.0,0.0,0.0,0.0,0.0,1664576686.4606478
1484,0.0,0.0,0.0,0.0,0.0,1664576686.4606478
1485,501538000000.0,50.73243713378906,1.0,1.0,1.0,1664576695.4766898
1486,501538000000.0,601.27978515625,1.0,3.0,1.0,1664576695.4766898
1487,501538000000.0,0.5036404728889465,1.0,4.0,1.0,1664576695.4766898
1488,501538000000.0,22.233381271362305,1.0,6.0,0.0,1664576695.4766898
1489,501538000000.0,102126.296875,1.0,7.0,0.0,1664576695.4766898
1490,501538000000.0,34.3442497253418,1.0,8.0,0.0,1664576695.4766898
1491,501538000000.0,86079.3515625,1.0,9.0,0.0,1664576695.4766898
1492,501538000000.0,1.0,1.0,12.0,0.0,1664576695.4766898
1493,501538000000.0,1.0,1.0,13.0,0.0,1664576695.4766898
1494,504538000000.0,50.223026275634766,1.0,1.0,1.0,1664576695.4766898
1495,504538000000.0,600.3897094726562,1.0,3.0,1.0,1664576695.4766898
1496,0.0,0.0,0.0,0.0,0.0,1664576695.4766898
1497,0.0,0.0,0.0,0.0,0.0,1664576695.4766898
1498,0.0,0.0,0.0,0.0,0.0,1664576695.4766898
1499,0.0,0.0,0.0,0.0,0.0,1664576695.4766898
1500,0.0,0.0,0.0,0.0,0.0,1664576695.4766898
1501,0.0,0.0,0.0,0.0,0.0,1664576695.4766898
1502,0.0,0.0,0.0,0.0,0.0,1664576695.4766898
1503,0.0,0.0,0.0,0.0,0.0,1664576695.4766898
1504,0.0,0.0,0.0,0.0,0.0,1664576695.4766898
1505,0.0,0.0,0.0,0.0,0.0,1664576695.4766898
1506,0.0,0.0,0.0,0.0,0.0,1664576695.4766898
1507,0.0,0.0,0.0,0.0,0.0,1664576695.4766898
1508,0.0,0.0,0.0,0.0,0.0,1664576695.4766898
1509,0.0,0.0,0.0,0.0,0.0,1664576695.4766898
1510,0.0,0.0,0.0,0.0,0.0,1664576695.4766898
1511,0.0,0.0,0.0,0.0,0.0,1664576695.4766898
1512,510539000000.0,50.47139358520508,1.0,1.0,1.0,1664576704.8220348
1513,510539000000.0,600.8236694335938,1.0,3.0,1.0,1664576704.8220348
1514,510539000000.0,0.5023399591445923,1.0,4.0,1.0,1664576704.8220348
1515,510539000000.0,22.187728881835938,1.0,6.0,0.0,1664576704.8220348
1516,510539000000.0,102126.75,1.0,7.0,0.0,1664576704.8220348
1517,510539000000.0,34.34001159667969,1.0,8.0,0.0,1664576704.8220348
1518,510539000000.0,85992.609375,1.0,9.0,0.0,1664576704.8220348
1519,510539000000.0,1.0,1.0,12.0,0.0,1664576704.8220348
1520,510539000000.0,1.0,1.0,13.0,0.0,1664576704.8220348
1521,513539000000.0,53.24570083618164,1.0,1.0,1.0,1664576704.8220348
1522,513539000000.0,605.6712646484375,1.0,3.0,1.0,1664576704.8220348
1523,0.0,0.0,0.0,0.0,0.0,1664576704.8220348
1524,0.0,0.0,0.0,0.0,0.0,1664576704.8220348
1525,0.0,0.0,0.0,0.0,0.0,1664576704.8220348
1526,0.0,0.0,0.0,0.0,0.0,1664576704.8220348
1527,0.0,0.0,0.0,0.0,0.0,1664576704.8220348
1528,0.0,0.0,0.0,0.0,0.0,1664576704.8220348
1529,0.0,0.0,0.0,0.0,0.0,1664576704.8220348
1530,0.0,0.0,0.0,0.0,0.0,1664576704.8220348
1531,0.0,0.0,0.0,0.0,0.0,1664576704.8220348
1532,0.0,0.0,0.0,0.0,0.0,1664576704.8220348
1533,0.0,0.0,0.0,0.0,0.0,1664576704.8220348
1534,0.0,0.0,0.0,0.0,0.0,1664576704.8220348
1535,0.0,0.0,0.0,0.0,0.0,1664576704.8220348
1536,0.0,0.0,0.0,0.0,0.0,1664576704.8220348
1537,0.0,0.0,0.0,0.0,0.0,1664576704.8220348
1538,0.0,0.0,0.0,0.0,0.0,1664576704.8220348
1539,519539000000.0,52.4989013671875,1.0,1.0,1.0,1664576713.822711
1540,519539000000.0,604.3663940429688,1.0,3.0,1.0,1664576713.822711
1541,519539000000.0,0.5125301480293274,1.0,4.0,1.0,1664576713.822711
1542,519539000000.0,22.187728881835938,1.0,6.0,0.0,1664576713.822711
1543,519539000000.0,102127.796875,1.0,7.0,0.0,1664576713.822711
1544,519539000000.0,34.38520050048828,1.0,8.0,0.0,1664576713.822711
1545,519539000000.0,85733.421875,1.0,9.0,0.0,1664576713.822711
1546,519539000000.0,1.0,1.0,12.0,0.0,1664576713.822711
1547,519539000000.0,1.0,1.0,13.0,0.0,1664576713.822711
1548,522539000000.0,52.27418518066406,1.0,1.0,1.0,1664576713.822711
1549,522539000000.0,603.9737548828125,1.0,3.0,1.0,1664576713.822711
1550,0.0,0.0,0.0,0.0,0.0,1664576713.822711
1551,0.0,0.0,0.0,0.0,0.0,1664576713.822711
1552,0.0,0.0,0.0,0.0,0.0,1664576713.822711
1553,0.0,0.0,0.0,0.0,0.0,1664576713.822711
1554,0.0,0.0,0.0,0.0,0.0,1664576713.822711
1555,0.0,0.0,0.0,0.0,0.0,1664576713.822711
1556,0.0,0.0,0.0,0.0,0.0,1664576713.822711
1557,0.0,0.0,0.0,0.0,0.0,1664576713.822711
1558,0.0,0.0,0.0,0.0,0.0,1664576713.822711
1559,0.0,0.0,0.0,0.0,0.0,1664576713.822711
1560,0.0,0.0,0.0,0.0,0.0,1664576713.822711
1561,0.0,0.0,0.0,0.0,0.0,1664576713.822711
1562,0.0,0.0,0.0,0.0,0.0,1664576713.822711
1563,0.0,0.0,0.0,0.0,0.0,1664576713.822711
1564,0.0,0.0,0.0,0.0,0.0,1664576713.822711
1565,0.0,0.0,0.0,0.0,0.0,1664576713.822711
