,0,ambientRaw,ambientTemp,descriptor,epoch,objectRaw,objectTemp,timestamp
0,1.0,,,,,,,
1,524146.0,,,,,,,
2,13082.0,,,,,,,
3,64504.0,,,,,,,
4,294.95233154296875,,,,,,,
5,294.9983215332031,,,,,,,
6,1664398274.028089,,,,,,,
7,2.0,,,,,,,
8,524147.0,,,,,,,
9,13499.0,,,,,,,
10,64489.0,,,,,,,
11,295.3011474609375,,,,,,,
12,295.4241027832031,,,,,,,
13,1664398274.029123,,,,,,,
14,3.0,,,,,,,
15,524149.0,,,,,,,
16,12748.0,,,,,,,
17,65127.0,,,,,,,
18,295.0511474609375,,,,,,,
19,296.84869384765625,,,,,,,
20,1664398274.029589,,,,,,,
21,4.0,,,,,,,
22,524150.0,,,,,,,
23,12808.0,,,,,,,
24,65110.0,,,,,,,
25,295.27789306640625,,,,,,,
26,296.696533203125,,,,,,,
27,1664398274.0300212,,,,,,,
28,5.0,,,,,,,
29,524152.0,,,,,,,
30,13280.0,,,,,,,
31,65083.0,,,,,,,
32,294.6325378417969,,,,,,,
33,296.3653259277344,,,,,,,
34,1664398274.03046,,,,,,,
35,1.0,,,,,,,
36,525146.0,,,,,,,
37,13083.0,,,,,,,
38,64499.0,,,,,,,
39,294.9581298828125,,,,,,,
40,294.9913635253906,,,,,,,
41,1664398275.033699,,,,,,,
42,2.0,,,,,,,
43,525147.0,,,,,,,
44,13501.0,,,,,,,
45,64484.0,,,,,,,
46,295.3127746582031,,,,,,,
47,295.42236328125,,,,,,,
48,1664398275.036863,,,,,,,
49,3.0,,,,,,,
50,525149.0,,,,,,,
51,12749.0,,,,,,,
52,65098.0,,,,,,,
53,295.0569763183594,,,,,,,
54,296.7777404785156,,,,,,,
55,1664398275.038784,,,,,,,
56,4.0,,,,,,,
57,525150.0,,,,,,,
58,12805.0,,,,,,,
59,65066.0,,,,,,,
60,295.2604675292969,,,,,,,
61,296.55548095703125,,,,,,,
62,1664398275.0395148,,,,,,,
63,5.0,,,,,,,
64,525151.0,,,,,,,
65,13281.0,,,,,,,
66,65035.0,,,,,,,
67,294.63836669921875,,,,,,,
68,296.2320861816406,,,,,,,
69,1664398275.040095,,,,,,,
70,1.0,,,,,,,
71,526146.0,,,,,,,
72,13085.0,,,,,,,
73,64498.0,,,,,,,
74,294.9697570800781,,,,,,,
75,295.00042724609375,,,,,,,
76,1664398276.039107,,,,,,,
77,2.0,,,,,,,
78,526147.0,,,,,,,
79,13502.0,,,,,,,
80,64486.0,,,,,,,
81,295.318603515625,,,,,,,
82,295.43353271484375,,,,,,,
83,1664398276.042392,,,,,,,
84,3.0,,,,,,,
85,526149.0,,,,,,,
86,12750.0,,,,,,,
87,65099.0,,,,,,,
88,295.0627746582031,,,,,,,
89,296.78607177734375,,,,,,,
90,1664398276.0441148,,,,,,,
91,4.0,,,,,,,
92,526150.0,,,,,,,
93,12805.0,,,,,,,
94,65087.0,,,,,,,
95,295.2604675292969,,,,,,,
96,296.6146240234375,,,,,,,
97,1664398276.044953,,,,,,,
98,5.0,,,,,,,
99,526151.0,,,,,,,
100,13282.0,,,,,,,
101,65073.0,,,,,,,
102,294.6441650390625,,,,,,,
103,296.3478088378906,,,,,,,
104,1664398276.045656,,,,,,,
105,1.0,,,,,,,
106,527146.0,,,,,,,
107,13083.0,,,,,,,
108,64496.0,,,,,,,
109,294.9581298828125,,,,,,,
110,294.98370361328125,,,,,,,
111,1664398277.044806,,,,,,,
112,2.0,,,,,,,
113,527147.0,,,,,,,
114,13501.0,,,,,,,
115,64480.0,,,,,,,
116,295.3127746582031,,,,,,,
117,295.41168212890625,,,,,,,
118,1664398277.0477781,,,,,,,
119,3.0,,,,,,,
120,527149.0,,,,,,,
121,12750.0,,,,,,,
122,65104.0,,,,,,,
123,295.0627746582031,,,,,,,
124,296.79931640625,,,,,,,
125,1664398277.04888,,,,,,,
126,4.0,,,,,,,
127,527150.0,,,,,,,
128,12807.0,,,,,,,
129,65079.0,,,,,,,
130,295.2720947265625,,,,,,,
131,296.60357666015625,,,,,,,
132,1664398277.04973,,,,,,,
133,5.0,,,,,,,
134,527151.0,,,,,,,
135,13281.0,,,,,,,
136,65043.0,,,,,,,
137,294.63836669921875,,,,,,,
138,296.2552490234375,,,,,,,
139,1664398277.0505369,,,,,,,
140,1.0,,,,,,,
141,528146.0,,,,,,,
142,13085.0,,,,,,,
143,64494.0,,,,,,,
144,294.9697570800781,,,,,,,
145,294.990234375,,,,,,,
146,1664398278.03374,,,,,,,
147,2.0,,,,,,,
148,528147.0,,,,,,,
149,13501.0,,,,,,,
150,64483.0,,,,,,,
151,295.3127746582031,,,,,,,
152,295.4197082519531,,,,,,,
153,1664398278.0388532,,,,,,,
154,3.0,,,,,,,
155,528149.0,,,,,,,
156,12751.0,,,,,,,
157,65101.0,,,,,,,
158,295.068603515625,,,,,,,
159,296.797119140625,,,,,,,
160,1664398278.0400221,,,,,,,
161,4.0,,,,,,,
162,528150.0,,,,,,,
163,12807.0,,,,,,,
164,65083.0,,,,,,,
165,295.2720947265625,,,,,,,
166,296.6148376464844,,,,,,,
167,1664398278.040948,,,,,,,
168,5.0,,,,,,,
169,528151.0,,,,,,,
170,13281.0,,,,,,,
171,65061.0,,,,,,,
172,294.63836669921875,,,,,,,
173,296.307373046875,,,,,,,
174,1664398278.041894,,,,,,,
175,1.0,,,,,,,
176,529146.0,,,,,,,
177,13082.0,,,,,,,
178,64494.0,,,,,,,
179,294.95233154296875,,,,,,,
180,294.9727783203125,,,,,,,
181,1664398279.038562,,,,,,,
182,2.0,,,,,,,
183,529147.0,,,,,,,
184,13498.0,,,,,,,
185,64484.0,,,,,,,
186,295.29534912109375,,,,,,,
187,295.40496826171875,,,,,,,
188,1664398279.039996,,,,,,,
189,3.0,,,,,,,
190,529149.0,,,,,,,
191,12750.0,,,,,,,
192,65095.0,,,,,,,
193,295.0627746582031,,,,,,,
194,296.7754821777344,,,,,,,
195,1664398279.041037,,,,,,,
196,4.0,,,,,,,
197,529150.0,,,,,,,
198,12807.0,,,,,,,
199,65077.0,,,,,,,
200,295.2720947265625,,,,,,,
201,296.5979309082031,,,,,,,
202,1664398279.04222,,,,,,,
203,5.0,,,,,,,
204,529152.0,,,,,,,
205,13278.0,,,,,,,
206,65055.0,,,,,,,
207,294.62091064453125,,,,,,,
208,296.2728271484375,,,,,,,
209,1664398279.043461,,,,,,,
210,1.0,,,,,,,
211,530146.0,,,,,,,
212,13084.0,,,,,,,
213,64490.0,,,,,,,
214,294.9639587402344,,,,,,,
215,294.9742126464844,,,,,,,
216,1664398280.043916,,,,,,,
217,2.0,,,,,,,
218,530147.0,,,,,,,
219,13502.0,,,,,,,
220,64483.0,,,,,,,
221,295.318603515625,,,,,,,
222,295.425537109375,,,,,,,
223,1664398280.050289,,,,,,,
224,3.0,,,,,,,
225,530149.0,,,,,,,
226,12752.0,,,,,,,
227,65096.0,,,,,,,
228,295.07440185546875,,,,,,,
229,296.7895812988281,,,,,,,
230,1664398280.0563142,,,,,,,
231,4.0,,,,,,,
232,530150.0,,,,,,,
233,12808.0,,,,,,,
234,65078.0,,,,,,,
235,295.27789306640625,,,,,,,
236,296.6064758300781,,,,,,,
237,1664398280.061148,,,,,,,
238,5.0,,,,,,,
239,530152.0,,,,,,,
240,13278.0,,,,,,,
241,65060.0,,,,,,,
242,294.62091064453125,,,,,,,
243,296.28729248046875,,,,,,,
244,1664398280.0635982,,,,,,,
245,1.0,,,,,,,
246,531146.0,,,,,,,
247,13085.0,,,,,,,
248,64490.0,,,,,,,
249,294.9697570800781,,,,,,,
250,294.9800109863281,,,,,,,
251,1664398281.034206,,,,,,,
252,2.0,,,,,,,
253,531147.0,,,,,,,
254,13502.0,,,,,,,
255,64483.0,,,,,,,
256,295.318603515625,,,,,,,
257,295.425537109375,,,,,,,
258,1664398281.039679,,,,,,,
259,3.0,,,,,,,
260,531149.0,,,,,,,
261,12753.0,,,,,,,
262,65107.0,,,,,,,
263,295.0802307128906,,,,,,,
264,296.82440185546875,,,,,,,
265,1664398281.045847,,,,,,,
266,4.0,,,,,,,
267,531150.0,,,,,,,
268,12806.0,,,,,,,
269,65095.0,,,,,,,
270,295.2662658691406,,,,,,,
271,296.6428527832031,,,,,,,
272,1664398281.051702,,,,,,,
273,5.0,,,,,,,
274,531151.0,,,,,,,
275,13283.0,,,,,,,
276,65081.0,,,,,,,
277,294.6499938964844,,,,,,,
278,296.376708984375,,,,,,,
279,1664398281.05613,,,,,,,
280,1.0,,,,,,,
281,532146.0,,,,,,,
282,13085.0,,,,,,,
283,64488.0,,,,,,,
284,294.9697570800781,,,,,,,
285,294.97491455078125,,,,,,,
286,1664398282.045644,,,,,,,
287,2.0,,,,,,,
288,532147.0,,,,,,,
289,13499.0,,,,,,,
290,64480.0,,,,,,,
291,295.3011474609375,,,,,,,
292,295.40008544921875,,,,,,,
293,1664398282.047529,,,,,,,
294,3.0,,,,,,,
295,532149.0,,,,,,,
296,12749.0,,,,,,,
297,65092.0,,,,,,,
298,295.0569763183594,,,,,,,
299,296.7618408203125,,,,,,,
300,1664398282.0489202,,,,,,,
301,4.0,,,,,,,
302,532150.0,,,,,,,
303,12807.0,,,,,,,
304,65076.0,,,,,,,
305,295.2720947265625,,,,,,,
306,296.5951232910156,,,,,,,
307,1664398282.0503051,,,,,,,
308,5.0,,,,,,,
309,532152.0,,,,,,,
310,13282.0,,,,,,,
311,65061.0,,,,,,,
312,294.6441650390625,,,,,,,
313,296.3130798339844,,,,,,,
314,1664398282.0516968,,,,,,,
315,1.0,,,,,,,
316,533146.0,,,,,,,
317,13085.0,,,,,,,
318,64489.0,,,,,,,
319,294.9697570800781,,,,,,,
320,294.9774475097656,,,,,,,
321,1664398283.0443468,,,,,,,
322,2.0,,,,,,,
323,533147.0,,,,,,,
324,13498.0,,,,,,,
325,64483.0,,,,,,,
326,295.29534912109375,,,,,,,
327,295.40228271484375,,,,,,,
328,1664398283.046217,,,,,,,
329,3.0,,,,,,,
330,533149.0,,,,,,,
331,12751.0,,,,,,,
332,65095.0,,,,,,,
333,295.068603515625,,,,,,,
334,296.7812194824219,,,,,,,
335,1664398283.047712,,,,,,,
336,4.0,,,,,,,
337,533150.0,,,,,,,
338,12807.0,,,,,,,
339,65081.0,,,,,,,
340,295.2720947265625,,,,,,,
341,296.60919189453125,,,,,,,
342,1664398283.049181,,,,,,,
343,5.0,,,,,,,
344,533151.0,,,,,,,
345,13283.0,,,,,,,
346,65062.0,,,,,,,
347,294.6499938964844,,,,,,,
348,296.32171630859375,,,,,,,
349,1664398283.050706,,,,,,,
350,1.0,,,,,,,
351,534146.0,,,,,,,
352,13086.0,,,,,,,
353,64490.0,,,,,,,
354,294.9755859375,,,,,,,
355,294.98583984375,,,,,,,
356,1664398284.0372999,,,,,,,
357,2.0,,,,,,,
358,534147.0,,,,,,,
359,13502.0,,,,,,,
360,64480.0,,,,,,,
361,295.318603515625,,,,,,,
362,295.4175109863281,,,,,,,
363,1664398284.044158,,,,,,,
364,3.0,,,,,,,
365,534149.0,,,,,,,
366,12752.0,,,,,,,
367,65071.0,,,,,,,
368,295.07440185546875,,,,,,,
369,296.7234191894531,,,,,,,
370,1664398284.054293,,,,,,,
371,4.0,,,,,,,
372,534150.0,,,,,,,
373,12808.0,,,,,,,
374,65044.0,,,,,,,
375,295.27789306640625,,,,,,,
376,296.5107116699219,,,,,,,
377,1664398284.056784,,,,,,,
378,5.0,,,,,,,
379,534151.0,,,,,,,
380,13285.0,,,,,,,
381,65017.0,,,,,,,
382,294.66162109375,,,,,,,
383,296.2028503417969,,,,,,,
384,1664398284.058593,,,,,,,
385,1.0,,,,,,,
386,535146.0,,,,,,,
387,13086.0,,,,,,,
388,64492.0,,,,,,,
389,294.9755859375,,,,,,,
390,294.9909362792969,,,,,,,
391,1664398285.039764,,,,,,,
392,2.0,,,,,,,
393,535147.0,,,,,,,
394,13501.0,,,,,,,
395,64483.0,,,,,,,
396,295.3127746582031,,,,,,,
397,295.4197082519531,,,,,,,
398,1664398285.054445,,,,,,,
399,3.0,,,,,,,
400,535149.0,,,,,,,
401,12752.0,,,,,,,
402,65091.0,,,,,,,
403,295.07440185546875,,,,,,,
404,296.7763671875,,,,,,,
405,1664398285.0615628,,,,,,,
406,4.0,,,,,,,
407,535150.0,,,,,,,
408,12807.0,,,,,,,
409,65073.0,,,,,,,
410,295.2720947265625,,,,,,,
411,296.586669921875,,,,,,,
412,1664398285.064223,,,,,,,
413,5.0,,,,,,,
414,535152.0,,,,,,,
415,13283.0,,,,,,,
416,65047.0,,,,,,,
417,294.6499938964844,,,,,,,
418,296.2782897949219,,,,,,,
419,1664398285.066174,,,,,,,
420,1.0,,,,,,,
421,536146.0,,,,,,,
422,13085.0,,,,,,,
423,64490.0,,,,,,,
424,294.9697570800781,,,,,,,
425,294.9800109863281,,,,,,,
426,1664398286.044456,,,,,,,
427,2.0,,,,,,,
428,536147.0,,,,,,,
429,13501.0,,,,,,,
430,64480.0,,,,,,,
431,295.3127746582031,,,,,,,
432,295.41168212890625,,,,,,,
433,1664398286.051511,,,,,,,
434,3.0,,,,,,,
435,536149.0,,,,,,,
436,12751.0,,,,,,,
437,65082.0,,,,,,,
438,295.068603515625,,,,,,,
439,296.746826171875,,,,,,,
440,1664398286.0575738,,,,,,,
441,4.0,,,,,,,
442,536150.0,,,,,,,
443,12807.0,,,,,,,
444,65057.0,,,,,,,
445,295.2720947265625,,,,,,,
446,296.5416259765625,,,,,,,
447,1664398286.063369,,,,,,,
448,5.0,,,,,,,
449,536152.0,,,,,,,
450,13283.0,,,,,,,
451,65037.0,,,,,,,
452,294.6499938964844,,,,,,,
453,296.24932861328125,,,,,,,
454,1664398286.068931,,,,,,,
455,1.0,,,,,,,
456,537146.0,,,,,,,
457,13084.0,,,,,,,
458,64493.0,,,,,,,
459,294.9639587402344,,,,,,,
460,294.98187255859375,,,,,,,
461,1664398287.0495648,,,,,,,
462,2.0,,,,,,,
463,537147.0,,,,,,,
464,13501.0,,,,,,,
465,64483.0,,,,,,,
466,295.3127746582031,,,,,,,
467,295.4197082519531,,,,,,,
468,1664398287.056556,,,,,,,
469,3.0,,,,,,,
470,537149.0,,,,,,,
471,12753.0,,,,,,,
472,65094.0,,,,,,,
473,295.0802307128906,,,,,,,
474,296.7900390625,,,,,,,
475,1664398287.0631208,,,,,,,
476,4.0,,,,,,,
477,537150.0,,,,,,,
478,12810.0,,,,,,,
479,65083.0,,,,,,,
480,295.2895202636719,,,,,,,
481,296.6320495605469,,,,,,,
482,1664398287.06973,,,,,,,
483,5.0,,,,,,,
484,537151.0,,,,,,,
485,13281.0,,,,,,,
486,65058.0,,,,,,,
487,294.63836669921875,,,,,,,
488,296.2987060546875,,,,,,,
489,1664398287.0750341,,,,,,,
490,1.0,,,,,,,
491,538146.0,,,,,,,
492,13086.0,,,,,,,
493,64500.0,,,,,,,
494,294.9755859375,,,,,,,
495,295.0113525390625,,,,,,,
496,1664398288.0403142,,,,,,,
497,2.0,,,,,,,
498,538147.0,,,,,,,
499,13501.0,,,,,,,
500,64480.0,,,,,,,
501,295.3127746582031,,,,,,,
502,295.41168212890625,,,,,,,
503,1664398288.054791,,,,,,,
504,3.0,,,,,,,
505,538149.0,,,,,,,
506,12749.0,,,,,,,
507,65058.0,,,,,,,
508,295.0569763183594,,,,,,,
509,296.67181396484375,,,,,,,
510,1664398288.062866,,,,,,,
511,4.0,,,,,,,
512,538150.0,,,,,,,
513,12808.0,,,,,,,
514,65032.0,,,,,,,
515,295.27789306640625,,,,,,,
516,296.4768981933594,,,,,,,
517,1664398288.0652878,,,,,,,
518,5.0,,,,,,,
519,538151.0,,,,,,,
520,13284.0,,,,,,,
521,65000.0,,,,,,,
522,294.65582275390625,,,,,,,
523,296.1478576660156,,,,,,,
524,1664398288.067432,,,,,,,
525,1.0,,,,,,,
526,539146.0,,,,,,,
527,13084.0,,,,,,,
528,64506.0,,,,,,,
529,294.9639587402344,,,,,,,
530,295.0150451660156,,,,,,,
531,1664398289.047127,,,,,,,
532,2.0,,,,,,,
533,539147.0,,,,,,,
534,13500.0,,,,,,,
535,64481.0,,,,,,,
536,295.3069763183594,,,,,,,
537,295.4085693359375,,,,,,,
538,1664398289.0514932,,,,,,,
539,3.0,,,,,,,
540,539149.0,,,,,,,
541,12750.0,,,,,,,
542,65078.0,,,,,,,
543,295.0627746582031,,,,,,,
544,296.7304992675781,,,,,,,
545,1664398289.053878,,,,,,,
546,4.0,,,,,,,
547,539150.0,,,,,,,
548,12808.0,,,,,,,
549,65066.0,,,,,,,
550,295.27789306640625,,,,,,,
551,296.57269287109375,,,,,,,
552,1664398289.0561962,,,,,,,
553,5.0,,,,,,,
554,539151.0,,,,,,,
555,13281.0,,,,,,,
556,65053.0,,,,,,,
557,294.63836669921875,,,,,,,
558,296.28424072265625,,,,,,,
559,1664398289.06427,,,,,,,
560,1.0,,,,,,,
561,540146.0,,,,,,,
562,13086.0,,,,,,,
563,64505.0,,,,,,,
564,294.9755859375,,,,,,,
565,295.02410888671875,,,,,,,
566,1664398290.034677,,,,,,,
567,2.0,,,,,,,
568,540147.0,,,,,,,
569,13504.0,,,,,,,
570,64483.0,,,,,,,
571,295.3302307128906,,,,,,,
572,295.4371337890625,,,,,,,
573,1664398290.04463,,,,,,,
574,3.0,,,,,,,
575,540149.0,,,,,,,
576,12749.0,,,,,,,
577,65091.0,,,,,,,
578,295.0569763183594,,,,,,,
579,296.75921630859375,,,,,,,
580,1664398290.0549572,,,,,,,
581,4.0,,,,,,,
582,540150.0,,,,,,,
583,12806.0,,,,,,,
584,65074.0,,,,,,,
585,295.2662658691406,,,,,,,
586,296.583740234375,,,,,,,
587,1664398290.0584562,,,,,,,
588,5.0,,,,,,,
589,540151.0,,,,,,,
590,13279.0,,,,,,,
591,65053.0,,,,,,,
592,294.6267395019531,,,,,,,
593,296.27276611328125,,,,,,,
594,1664398290.0610921,,,,,,,
595,1.0,,,,,,,
596,541146.0,,,,,,,
597,13084.0,,,,,,,
598,64505.0,,,,,,,
599,294.9639587402344,,,,,,,
600,295.0124816894531,,,,,,,
601,1664398291.045602,,,,,,,
602,2.0,,,,,,,
603,541147.0,,,,,,,
604,13502.0,,,,,,,
605,64484.0,,,,,,,
606,295.318603515625,,,,,,,
607,295.4281921386719,,,,,,,
608,1664398291.0501602,,,,,,,
609,3.0,,,,,,,
610,541149.0,,,,,,,
611,12750.0,,,,,,,
612,65085.0,,,,,,,
613,295.0627746582031,,,,,,,
614,296.7490234375,,,,,,,
615,1664398291.052764,,,,,,,
616,4.0,,,,,,,
617,541150.0,,,,,,,
618,12806.0,,,,,,,
619,65061.0,,,,,,,
620,295.2662658691406,,,,,,,
621,296.547119140625,,,,,,,
622,1664398291.055228,,,,,,,
623,5.0,,,,,,,
624,541151.0,,,,,,,
625,13279.0,,,,,,,
626,65038.0,,,,,,,
627,294.6267395019531,,,,,,,
628,296.2293395996094,,,,,,,
629,1664398291.057751,,,,,,,
630,1.0,,,,,,,
631,542146.0,,,,,,,
632,13081.0,,,,,,,
633,64503.0,,,,,,,
634,294.9465026855469,,,,,,,
635,294.9899597167969,,,,,,,
636,1664398292.044683,,,,,,,
637,2.0,,,,,,,
638,542147.0,,,,,,,
639,13500.0,,,,,,,
640,64482.0,,,,,,,
641,295.3069763183594,,,,,,,
642,295.4112548828125,,,,,,,
643,1664398292.0588129,,,,,,,
644,3.0,,,,,,,
645,542149.0,,,,,,,
646,12750.0,,,,,,,
647,65092.0,,,,,,,
648,295.0627746582031,,,,,,,
649,296.7675476074219,,,,,,,
650,1664398292.068387,,,,,,,
651,4.0,,,,,,,
652,542150.0,,,,,,,
653,12806.0,,,,,,,
654,65069.0,,,,,,,
655,295.2662658691406,,,,,,,
656,296.56964111328125,,,,,,,
657,1664398292.071161,,,,,,,
658,5.0,,,,,,,
659,542152.0,,,,,,,
660,13280.0,,,,,,,
661,65046.0,,,,,,,
662,294.6325378417969,,,,,,,
663,296.2582092285156,,,,,,,
664,1664398292.073856,,,,,,,
665,1.0,,,,,,,
666,543146.0,,,,,,,
667,13086.0,,,,,,,
668,64502.0,,,,,,,
669,294.9755859375,,,,,,,
670,295.0164794921875,,,,,,,
671,1664398293.049875,,,,,,,
672,2.0,,,,,,,
673,543147.0,,,,,,,
674,13500.0,,,,,,,
675,64485.0,,,,,,,
676,295.3069763183594,,,,,,,
677,295.41925048828125,,,,,,,
678,1664398293.0610251,,,,,,,
679,3.0,,,,,,,
680,543149.0,,,,,,,
681,12749.0,,,,,,,
682,65105.0,,,,,,,
683,295.0569763183594,,,,,,,
684,296.7962646484375,,,,,,,
685,1664398293.073429,,,,,,,
686,4.0,,,,,,,
687,543150.0,,,,,,,
688,12806.0,,,,,,,
689,65087.0,,,,,,,
690,295.2662658691406,,,,,,,
691,296.6203308105469,,,,,,,
692,1664398293.076289,,,,,,,
693,5.0,,,,,,,
694,543151.0,,,,,,,
695,13280.0,,,,,,,
696,65056.0,,,,,,,
697,294.6325378417969,,,,,,,
698,296.28717041015625,,,,,,,
699,1664398293.079037,,,,,,,
700,1.0,,,,,,,
701,544146.0,,,,,,,
702,13083.0,,,,,,,
703,64502.0,,,,,,,
704,294.9581298828125,,,,,,,
705,294.9990234375,,,,,,,
706,1664398294.042145,,,,,,,
707,2.0,,,,,,,
708,544147.0,,,,,,,
709,13502.0,,,,,,,
710,64483.0,,,,,,,
711,295.318603515625,,,,,,,
712,295.425537109375,,,,,,,
713,1664398294.058408,,,,,,,
714,3.0,,,,,,,
715,544149.0,,,,,,,
716,12749.0,,,,,,,
717,65096.0,,,,,,,
718,295.0569763183594,,,,,,,
719,296.7724304199219,,,,,,,
720,1664398294.0648892,,,,,,,
721,4.0,,,,,,,
722,544150.0,,,,,,,
723,12808.0,,,,,,,
724,65077.0,,,,,,,
725,295.27789306640625,,,,,,,
726,296.6036682128906,,,,,,,
727,1664398294.067898,,,,,,,
728,5.0,,,,,,,
729,544151.0,,,,,,,
730,13281.0,,,,,,,
731,65054.0,,,,,,,
732,294.63836669921875,,,,,,,
733,296.287109375,,,,,,,
734,1664398294.070691,,,,,,,
735,1.0,,,,,,,
736,545146.0,,,,,,,
737,13083.0,,,,,,,
738,64503.0,,,,,,,
739,294.9581298828125,,,,,,,
740,295.0015563964844,,,,,,,
741,1664398295.0450299,,,,,,,
742,2.0,,,,,,,
743,545147.0,,,,,,,
744,13502.0,,,,,,,
745,64486.0,,,,,,,
746,295.318603515625,,,,,,,
747,295.43353271484375,,,,,,,
748,1664398295.058845,,,,,,,
749,3.0,,,,,,,
750,545149.0,,,,,,,
751,12749.0,,,,,,,
752,65085.0,,,,,,,
753,295.0569763183594,,,,,,,
754,296.7433166503906,,,,,,,
755,1664398295.068898,,,,,,,
756,4.0,,,,,,,
757,545150.0,,,,,,,
758,12806.0,,,,,,,
759,65063.0,,,,,,,
760,295.2662658691406,,,,,,,
761,296.5527648925781,,,,,,,
762,1664398295.0720158,,,,,,,
763,5.0,,,,,,,
764,545152.0,,,,,,,
765,13280.0,,,,,,,
766,65043.0,,,,,,,
767,294.6325378417969,,,,,,,
768,296.24951171875,,,,,,,
769,1664398295.075026,,,,,,,
770,1.0,,,,,,,
771,546146.0,,,,,,,
772,13083.0,,,,,,,
773,64500.0,,,,,,,
774,294.9581298828125,,,,,,,
775,294.993896484375,,,,,,,
776,1664398296.050448,,,,,,,
777,2.0,,,,,,,
778,546147.0,,,,,,,
779,13501.0,,,,,,,
780,64486.0,,,,,,,
781,295.3127746582031,,,,,,,
782,295.4277038574219,,,,,,,
783,1664398296.0684118,,,,,,,
784,3.0,,,,,,,
785,546149.0,,,,,,,
786,12750.0,,,,,,,
787,65092.0,,,,,,,
788,295.0627746582031,,,,,,,
789,296.7675476074219,,,,,,,
790,1664398296.0744908,,,,,,,
791,4.0,,,,,,,
792,546150.0,,,,,,,
793,12806.0,,,,,,,
794,65075.0,,,,,,,
795,295.2662658691406,,,,,,,
796,296.5865478515625,,,,,,,
797,1664398296.0779421,,,,,,,
798,5.0,,,,,,,
799,546151.0,,,,,,,
800,13282.0,,,,,,,
801,65060.0,,,,,,,
802,294.6441650390625,,,,,,,
803,296.3102111816406,,,,,,,
804,1664398296.0810611,,,,,,,
805,1.0,,,,,,,
806,547146.0,,,,,,,
807,13085.0,,,,,,,
808,64499.0,,,,,,,
809,294.9697570800781,,,,,,,
810,295.00299072265625,,,,,,,
811,1664398297.040813,,,,,,,
812,2.0,,,,,,,
813,547147.0,,,,,,,
814,13498.0,,,,,,,
815,64484.0,,,,,,,
816,295.29534912109375,,,,,,,
817,295.40496826171875,,,,,,,
818,1664398297.0599859,,,,,,,
819,3.0,,,,,,,
820,547149.0,,,,,,,
821,12750.0,,,,,,,
822,65105.0,,,,,,,
823,295.0627746582031,,,,,,,
824,296.80194091796875,,,,,,,
825,1664398297.066648,,,,,,,
826,4.0,,,,,,,
827,547150.0,,,,,,,
828,12807.0,,,,,,,
829,65090.0,,,,,,,
830,295.2720947265625,,,,,,,
831,296.634521484375,,,,,,,
832,1664398297.0701702,,,,,,,
833,5.0,,,,,,,
834,547152.0,,,,,,,
835,13279.0,,,,,,,
836,65064.0,,,,,,,
837,294.6267395019531,,,,,,,
838,296.30462646484375,,,,,,,
839,1664398297.0734851,,,,,,,
840,1.0,,,,,,,
841,548146.0,,,,,,,
842,13087.0,,,,,,,
843,64496.0,,,,,,,
844,294.98138427734375,,,,,,,
845,295.0069580078125,,,,,,,
846,1664398298.045702,,,,,,,
847,2.0,,,,,,,
848,548147.0,,,,,,,
849,13500.0,,,,,,,
850,64485.0,,,,,,,
851,295.3069763183594,,,,,,,
852,295.41925048828125,,,,,,,
853,1664398298.06593,,,,,,,
854,3.0,,,,,,,
855,548149.0,,,,,,,
856,12750.0,,,,,,,
857,65084.0,,,,,,,
858,295.0627746582031,,,,,,,
859,296.7463684082031,,,,,,,
860,1664398298.073382,,,,,,,
861,4.0,,,,,,,
862,548150.0,,,,,,,
863,12810.0,,,,,,,
864,65067.0,,,,,,,
865,295.2895202636719,,,,,,,
866,296.5870056152344,,,,,,,
867,1664398298.077006,,,,,,,
868,5.0,,,,,,,
869,548151.0,,,,,,,
870,13282.0,,,,,,,
871,65047.0,,,,,,,
872,294.6441650390625,,,,,,,
873,296.2725524902344,,,,,,,
874,1664398298.0804212,,,,,,,
875,1.0,,,,,,,
876,549146.0,,,,,,,
877,13083.0,,,,,,,
878,64500.0,,,,,,,
879,294.9581298828125,,,,,,,
880,294.993896484375,,,,,,,
881,1664398299.050874,,,,,,,
882,2.0,,,,,,,
883,549147.0,,,,,,,
884,13500.0,,,,,,,
885,64483.0,,,,,,,
886,295.3069763183594,,,,,,,
887,295.4139099121094,,,,,,,
888,1664398299.072596,,,,,,,
889,3.0,,,,,,,
890,549149.0,,,,,,,
891,12750.0,,,,,,,
892,65079.0,,,,,,,
893,295.0627746582031,,,,,,,
894,296.733154296875,,,,,,,
895,1664398299.077779,,,,,,,
896,4.0,,,,,,,
897,549150.0,,,,,,,
898,12809.0,,,,,,,
899,65057.0,,,,,,,
900,295.2837219238281,,,,,,,
901,296.5531005859375,,,,,,,
902,1664398299.081362,,,,,,,
903,5.0,,,,,,,
904,549151.0,,,,,,,
905,13286.0,,,,,,,
906,65035.0,,,,,,,
907,294.6674499511719,,,,,,,
908,296.2607421875,,,,,,,
909,1664398299.084876,,,,,,,
910,1.0,,,,,,,
911,550146.0,,,,,,,
912,13084.0,,,,,,,
913,64500.0,,,,,,,
914,294.9639587402344,,,,,,,
915,294.9997253417969,,,,,,,
916,1664398300.040857,,,,,,,
917,2.0,,,,,,,
918,550147.0,,,,,,,
919,13499.0,,,,,,,
920,64486.0,,,,,,,
921,295.3011474609375,,,,,,,
922,295.4161071777344,,,,,,,
923,1664398300.0606132,,,,,,,
924,3.0,,,,,,,
925,550149.0,,,,,,,
926,12754.0,,,,,,,
927,65086.0,,,,,,,
928,295.0860290527344,,,,,,,
929,296.7745666503906,,,,,,,
930,1664398300.066865,,,,,,,
931,4.0,,,,,,,
932,550150.0,,,,,,,
933,12809.0,,,,,,,
934,65072.0,,,,,,,
935,295.2837219238281,,,,,,,
936,296.5953369140625,,,,,,,
937,1664398300.0707588,,,,,,,
938,5.0,,,,,,,
939,550151.0,,,,,,,
940,13280.0,,,,,,,
941,65056.0,,,,,,,
942,294.6325378417969,,,,,,,
943,296.28717041015625,,,,,,,
944,1664398300.0743659,,,,,,,
945,1.0,,,,,,,
946,551146.0,,,,,,,
947,13083.0,,,,,,,
948,64498.0,,,,,,,
949,294.9581298828125,,,,,,,
950,294.9888000488281,,,,,,,
951,1664398301.045173,,,,,,,
952,2.0,,,,,,,
953,551147.0,,,,,,,
954,13503.0,,,,,,,
955,64484.0,,,,,,,
956,295.32440185546875,,,,,,,
957,295.4339904785156,,,,,,,
958,1664398301.0493262,,,,,,,
959,3.0,,,,,,,
960,551149.0,,,,,,,
961,12753.0,,,,,,,
962,65111.0,,,,,,,
963,295.0802307128906,,,,,,,
964,296.8349914550781,,,,,,,
965,1664398301.053122,,,,,,,
966,4.0,,,,,,,
967,551150.0,,,,,,,
968,12805.0,,,,,,,
969,65092.0,,,,,,,
970,295.2604675292969,,,,,,,
971,296.628662109375,,,,,,,
972,1664398301.057018,,,,,,,
973,5.0,,,,,,,
974,551152.0,,,,,,,
975,13286.0,,,,,,,
976,65068.0,,,,,,,
977,294.6674499511719,,,,,,,
978,296.35626220703125,,,,,,,
979,1664398301.060918,,,,,,,
980,1.0,,,,,,,
981,552146.0,,,,,,,
982,13086.0,,,,,,,
983,64497.0,,,,,,,
984,294.9755859375,,,,,,,
985,295.0036926269531,,,,,,,
986,1664398302.050306,,,,,,,
987,2.0,,,,,,,
988,552147.0,,,,,,,
989,13502.0,,,,,,,
990,64484.0,,,,,,,
991,295.318603515625,,,,,,,
992,295.4281921386719,,,,,,,
993,1664398302.0545878,,,,,,,
994,3.0,,,,,,,
995,552149.0,,,,,,,
996,12754.0,,,,,,,
997,65119.0,,,,,,,
998,295.0860290527344,,,,,,,
999,296.8618469238281,,,,,,,
1000,1664398302.058686,,,,,,,
1001,4.0,,,,,,,
1002,552150.0,,,,,,,
1003,12809.0,,,,,,,
1004,65105.0,,,,,,,
1005,295.2837219238281,,,,,,,
1006,296.6882019042969,,,,,,,
1007,1664398302.062783,,,,,,,
1008,5.0,,,,,,,
1009,552151.0,,,,,,,
1010,13285.0,,,,,,,
1011,65087.0,,,,,,,
1012,294.66162109375,,,,,,,
1013,296.4054870605469,,,,,,,
1014,1664398302.0668778,,,,,,,
1015,1.0,,,,,,,
1016,553146.0,,,,,,,
1017,13087.0,,,,,,,
1018,64495.0,,,,,,,
1019,294.98138427734375,,,,,,,
1020,295.00439453125,,,,,,,
1021,1664398303.040382,,,,,,,
1022,2.0,,,,,,,
1023,553147.0,,,,,,,
1024,13504.0,,,,,,,
1025,64485.0,,,,,,,
1026,295.3302307128906,,,,,,,
1027,295.4424743652344,,,,,,,
1028,1664398303.044618,,,,,,,
1029,3.0,,,,,,,
1030,553149.0,,,,,,,
1031,12751.0,,,,,,,
1032,65128.0,,,,,,,
1033,295.068603515625,,,,,,,
1034,296.8685302734375,,,,,,,
1035,1664398303.0486012,,,,,,,
1036,4.0,,,,,,,
1037,553150.0,,,,,,,
1038,12808.0,,,,,,,
1039,65112.0,,,,,,,
1040,295.27789306640625,,,,,,,
1041,296.7021484375,,,,,,,
1042,1664398303.052544,,,,,,,
1043,5.0,,,,,,,
1044,553151.0,,,,,,,
1045,13285.0,,,,,,,
1046,65097.0,,,,,,,
1047,294.66162109375,,,,,,,
1048,296.4344177246094,,,,,,,
1049,1664398303.056513,,,,,,,
1050,1.0,,,,,,,
1051,554146.0,,,,,,,
1052,13084.0,,,,,,,
1053,64495.0,,,,,,,
1054,294.9639587402344,,,,,,,
1055,294.9869689941406,,,,,,,
1056,1664398304.069695,,,,,,,
1057,2.0,,,,,,,
1058,554147.0,,,,,,,
1059,13498.0,,,,,,,
1060,64486.0,,,,,,,
1061,295.29534912109375,,,,,,,
1062,295.4103088378906,,,,,,,
1063,1664398304.073954,,,,,,,
1064,3.0,,,,,,,
1065,554149.0,,,,,,,
1066,12754.0,,,,,,,
1067,65112.0,,,,,,,
1068,295.0860290527344,,,,,,,
1069,296.8433532714844,,,,,,,
1070,1664398304.077865,,,,,,,
1071,4.0,,,,,,,
1072,554150.0,,,,,,,
1073,12810.0,,,,,,,
1074,65086.0,,,,,,,
1075,295.2895202636719,,,,,,,
1076,296.6404724121094,,,,,,,
1077,1664398304.08194,,,,,,,
1078,5.0,,,,,,,
1079,554151.0,,,,,,,
1080,13285.0,,,,,,,
1081,65057.0,,,,,,,
1082,294.66162109375,,,,,,,
1083,296.3186950683594,,,,,,,
1084,1664398304.086179,,,,,,,
1085,1.0,,,,,,,
1086,555146.0,,,,,,,
1087,13086.0,,,,,,,
1088,64497.0,,,,,,,
1089,294.9755859375,,,,,,,
1090,295.0036926269531,,,,,,,
1091,1664398305.051139,,,,,,,
1092,2.0,,,,,,,
1093,555147.0,,,,,,,
1094,13500.0,,,,,,,
1095,64484.0,,,,,,,
1096,295.3069763183594,,,,,,,
1097,295.41656494140625,,,,,,,
1098,1664398305.06119,,,,,,,
1099,3.0,,,,,,,
1100,555149.0,,,,,,,
1101,12752.0,,,,,,,
1102,65111.0,,,,,,,
1103,295.07440185546875,,,,,,,
1104,296.82928466796875,,,,,,,
1105,1664398305.0656152,,,,,,,
1106,4.0,,,,,,,
1107,555150.0,,,,,,,
1108,12808.0,,,,,,,
1109,65089.0,,,,,,,
1110,295.27789306640625,,,,,,,
1111,296.637451171875,,,,,,,
1112,1664398305.0697641,,,,,,,
1113,5.0,,,,,,,
1114,555152.0,,,,,,,
1115,13283.0,,,,,,,
1116,65064.0,,,,,,,
1117,294.6499938964844,,,,,,,
1118,296.3275146484375,,,,,,,
1119,1664398305.07394,,,,,,,
1120,1.0,,,,,,,
1121,556146.0,,,,,,,
1122,13086.0,,,,,,,
1123,64493.0,,,,,,,
1124,294.9755859375,,,,,,,
1125,294.9934997558594,,,,,,,
1126,1664398306.041294,,,,,,,
1127,2.0,,,,,,,
1128,556147.0,,,,,,,
1129,13502.0,,,,,,,
1130,64485.0,,,,,,,
1131,295.318603515625,,,,,,,
1132,295.4308776855469,,,,,,,
1133,1664398306.0486872,,,,,,,
1134,3.0,,,,,,,
1135,556149.0,,,,,,,
1136,12750.0,,,,,,,
1137,65085.0,,,,,,,
1138,295.0627746582031,,,,,,,
1139,296.7490234375,,,,,,,
1140,1664398306.0530539,,,,,,,
1141,4.0,,,,,,,
1142,556150.0,,,,,,,
1143,12805.0,,,,,,,
1144,65071.0,,,,,,,
1145,295.2604675292969,,,,,,,
1146,296.5695495605469,,,,,,,
1147,1664398306.057373,,,,,,,
1148,5.0,,,,,,,
1149,556151.0,,,,,,,
1150,13283.0,,,,,,,
1151,65055.0,,,,,,,
1152,294.6499938964844,,,,,,,
1153,296.30145263671875,,,,,,,
1154,1664398306.061656,,,,,,,
1155,1.0,,,,,,,
1156,557146.0,,,,,,,
1157,13085.0,,,,,,,
1158,64495.0,,,,,,,
1159,294.9697570800781,,,,,,,
1160,294.9927673339844,,,,,,,
1161,1664398307.045693,,,,,,,
1162,2.0,,,,,,,
1163,557147.0,,,,,,,
1164,13504.0,,,,,,,
1165,64483.0,,,,,,,
1166,295.3302307128906,,,,,,,
1167,295.4371337890625,,,,,,,
1168,1664398307.050482,,,,,,,
1169,3.0,,,,,,,
1170,557149.0,,,,,,,
1171,12748.0,,,,,,,
1172,65108.0,,,,,,,
1173,295.0511474609375,,,,,,,
1174,296.7984619140625,,,,,,,
1175,1664398307.05493,,,,,,,
1176,4.0,,,,,,,
1177,557150.0,,,,,,,
1178,12808.0,,,,,,,
1179,65086.0,,,,,,,
1180,295.27789306640625,,,,,,,
1181,296.6289978027344,,,,,,,
1182,1664398307.059378,,,,,,,
1183,5.0,,,,,,,
1184,557151.0,,,,,,,
1185,13284.0,,,,,,,
1186,65056.0,,,,,,,
1187,294.65582275390625,,,,,,,
1188,296.3100891113281,,,,,,,
1189,1664398307.063798,,,,,,,
1190,1.0,,,,,,,
1191,558146.0,,,,,,,
1192,13085.0,,,,,,,
1193,64500.0,,,,,,,
1194,294.9697570800781,,,,,,,
1195,295.0055236816406,,,,,,,
1196,1664398308.050726,,,,,,,
1197,2.0,,,,,,,
1198,558147.0,,,,,,,
1199,13504.0,,,,,,,
1200,64484.0,,,,,,,
1201,295.3302307128906,,,,,,,
1202,295.4398193359375,,,,,,,
1203,1664398308.0558689,,,,,,,
1204,3.0,,,,,,,
1205,558149.0,,,,,,,
1206,12752.0,,,,,,,
1207,65103.0,,,,,,,
1208,295.07440185546875,,,,,,,
1209,296.80810546875,,,,,,,
1210,1664398308.06057,,,,,,,
1211,4.0,,,,,,,
1212,558150.0,,,,,,,
1213,12810.0,,,,,,,
1214,65083.0,,,,,,,
1215,295.2895202636719,,,,,,,
1216,296.6320495605469,,,,,,,
1217,1664398308.0653281,,,,,,,
1218,5.0,,,,,,,
1219,558151.0,,,,,,,
1220,13282.0,,,,,,,
1221,65057.0,,,,,,,
1222,294.6441650390625,,,,,,,
1223,296.301513671875,,,,,,,
1224,1664398308.070066,,,,,,,
1225,1.0,,,,,,,
1226,559146.0,,,,,,,
1227,13084.0,,,,,,,
1228,64499.0,,,,,,,
1229,294.9639587402344,,,,,,,
1230,294.9971923828125,,,,,,,
1231,1664398309.056522,,,,,,,
1232,2.0,,,,,,,
1233,559147.0,,,,,,,
1234,13501.0,,,,,,,
1235,64484.0,,,,,,,
1236,295.3127746582031,,,,,,,
1237,295.42236328125,,,,,,,
1238,1664398309.064824,,,,,,,
1239,3.0,,,,,,,
1240,559149.0,,,,,,,
1241,12752.0,,,,,,,
1242,65097.0,,,,,,,
1243,295.07440185546875,,,,,,,
1244,296.792236328125,,,,,,,
1245,1664398309.069611,,,,,,,
1246,4.0,,,,,,,
1247,559150.0,,,,,,,
1248,12808.0,,,,,,,
1249,65074.0,,,,,,,
1250,295.27789306640625,,,,,,,
1251,296.59521484375,,,,,,,
1252,1664398309.074534,,,,,,,
1253,5.0,,,,,,,
1254,559151.0,,,,,,,
1255,13283.0,,,,,,,
1256,65046.0,,,,,,,
1257,294.6499938964844,,,,,,,
1258,296.275390625,,,,,,,
1259,1664398309.079457,,,,,,,
1260,1.0,,,,,,,
1261,560146.0,,,,,,,
1262,13085.0,,,,,,,
1263,64503.0,,,,,,,
1264,294.9697570800781,,,,,,,
1265,295.01318359375,,,,,,,
1266,1664398310.0468721,,,,,,,
1267,2.0,,,,,,,
1268,560147.0,,,,,,,
1269,13501.0,,,,,,,
1270,64482.0,,,,,,,
1271,295.3127746582031,,,,,,,
1272,295.41705322265625,,,,,,,
1273,1664398310.0550568,,,,,,,
1274,3.0,,,,,,,
1275,560149.0,,,,,,,
1276,12749.0,,,,,,,
1277,65105.0,,,,,,,
1278,295.0569763183594,,,,,,,
1279,296.7962646484375,,,,,,,
1280,1664398310.0599968,,,,,,,
1281,4.0,,,,,,,
1282,560150.0,,,,,,,
1283,12809.0,,,,,,,
1284,65082.0,,,,,,,
1285,295.2837219238281,,,,,,,
1286,296.6235046386719,,,,,,,
1287,1664398310.06482,,,,,,,
1288,5.0,,,,,,,
1289,560152.0,,,,,,,
1290,13283.0,,,,,,,
1291,65043.0,,,,,,,
1292,294.6499938964844,,,,,,,
1293,296.2667236328125,,,,,,,
1294,1664398310.069608,,,,,,,
1295,1.0,,,,,,,
1296,561146.0,,,,,,,
1297,13084.0,,,,,,,
1298,64498.0,,,,,,,
1299,294.9639587402344,,,,,,,
1300,294.99462890625,,,,,,,
1301,1664398311.052046,,,,,,,
1302,2.0,,,,,,,
1303,561147.0,,,,,,,
1304,13503.0,,,,,,,
1305,64483.0,,,,,,,
1306,295.32440185546875,,,,,,,
1307,295.4313049316406,,,,,,,
1308,1664398311.059968,,,,,,,
1309,3.0,,,,,,,
1310,561149.0,,,,,,,
1311,12751.0,,,,,,,
1312,65107.0,,,,,,,
1313,295.068603515625,,,,,,,
1314,296.81298828125,,,,,,,
1315,1664398311.0649312,,,,,,,
1316,4.0,,,,,,,
1317,561150.0,,,,,,,
1318,12808.0,,,,,,,
1319,65087.0,,,,,,,
1320,295.27789306640625,,,,,,,
1321,296.6318054199219,,,,,,,
1322,1664398311.069791,,,,,,,
1323,5.0,,,,,,,
1324,561152.0,,,,,,,
1325,13283.0,,,,,,,
1326,65061.0,,,,,,,
1327,294.6499938964844,,,,,,,
1328,296.31884765625,,,,,,,
1329,1664398311.074711,,,,,,,
1330,1.0,,,,,,,
1331,562146.0,,,,,,,
1332,13084.0,,,,,,,
1333,64498.0,,,,,,,
1334,294.9639587402344,,,,,,,
1335,294.99462890625,,,,,,,
1336,1664398312.056705,,,,,,,
1337,2.0,,,,,,,
1338,562147.0,,,,,,,
1339,13504.0,,,,,,,
1340,64484.0,,,,,,,
1341,295.3302307128906,,,,,,,
1342,295.4398193359375,,,,,,,
1343,1664398312.065717,,,,,,,
1344,3.0,,,,,,,
1345,562149.0,,,,,,,
1346,12749.0,,,,,,,
1347,65089.0,,,,,,,
1348,295.0569763183594,,,,,,,
1349,296.75390625,,,,,,,
1350,1664398312.071042,,,,,,,
1351,4.0,,,,,,,
1352,562150.0,,,,,,,
1353,12807.0,,,,,,,
1354,65064.0,,,,,,,
1355,295.2720947265625,,,,,,,
1356,296.56134033203125,,,,,,,
1357,1664398312.0761,,,,,,,
1358,5.0,,,,,,,
1359,562151.0,,,,,,,
1360,13282.0,,,,,,,
1361,65039.0,,,,,,,
1362,294.6441650390625,,,,,,,
1363,296.2493896484375,,,,,,,
1364,1664398312.0811698,,,,,,,
1365,1.0,,,,,,,
1366,563146.0,,,,,,,
1367,13084.0,,,,,,,
1368,64498.0,,,,,,,
1369,294.9639587402344,,,,,,,
1370,294.99462890625,,,,,,,
1371,1664398313.0566661,,,,,,,
1372,2.0,,,,,,,
1373,563147.0,,,,,,,
1374,13504.0,,,,,,,
1375,64486.0,,,,,,,
1376,295.3302307128906,,,,,,,
1377,295.4451599121094,,,,,,,
1378,1664398313.065557,,,,,,,
1379,3.0,,,,,,,
1380,563149.0,,,,,,,
1381,12753.0,,,,,,,
1382,65101.0,,,,,,,
1383,295.0802307128906,,,,,,,
1384,296.80853271484375,,,,,,,
1385,1664398313.070922,,,,,,,
1386,4.0,,,,,,,
1387,563150.0,,,,,,,
1388,12808.0,,,,,,,
1389,65079.0,,,,,,,
1390,295.27789306640625,,,,,,,
1391,296.6092834472656,,,,,,,
1392,1664398313.0760372,,,,,,,
1393,5.0,,,,,,,
1394,563151.0,,,,,,,
1395,13282.0,,,,,,,
1396,65057.0,,,,,,,
1397,294.6441650390625,,,,,,,
1398,296.301513671875,,,,,,,
1399,1664398313.0811908,,,,,,,
1400,1.0,,,,,,,
1401,564146.0,,,,,,,
1402,13086.0,,,,,,,
1403,64500.0,,,,,,,
1404,294.9755859375,,,,,,,
1405,295.0113525390625,,,,,,,
1406,1664398314.0518231,,,,,,,
1407,2.0,,,,,,,
1408,564147.0,,,,,,,
1409,13503.0,,,,,,,
1410,64483.0,,,,,,,
1411,295.32440185546875,,,,,,,
1412,295.4313049316406,,,,,,,
1413,1664398314.061259,,,,,,,
1414,3.0,,,,,,,
1415,564149.0,,,,,,,
1416,12750.0,,,,,,,
1417,65091.0,,,,,,,
1418,295.0627746582031,,,,,,,
1419,296.7649230957031,,,,,,,
1420,1664398314.06675,,,,,,,
1421,4.0,,,,,,,
1422,564150.0,,,,,,,
1423,12807.0,,,,,,,
1424,65065.0,,,,,,,
1425,295.2720947265625,,,,,,,
1426,296.56414794921875,,,,,,,
1427,1664398314.072074,,,,,,,
1428,5.0,,,,,,,
1429,564152.0,,,,,,,
1430,13281.0,,,,,,,
1431,65043.0,,,,,,,
1432,294.63836669921875,,,,,,,
1433,296.2552490234375,,,,,,,
1434,1664398314.077358,,,,,,,
1435,1.0,,,,,,,
1436,565146.0,,,,,,,
1437,13086.0,,,,,,,
1438,64497.0,,,,,,,
1439,294.9755859375,,,,,,,
1440,295.0036926269531,,,,,,,
1441,1664398315.056929,,,,,,,
1442,2.0,,,,,,,
1443,565147.0,,,,,,,
1444,13500.0,,,,,,,
1445,64482.0,,,,,,,
1446,295.3069763183594,,,,,,,
1447,295.4112548828125,,,,,,,
1448,1664398315.0657122,,,,,,,
1449,3.0,,,,,,,
1450,565149.0,,,,,,,
1451,12749.0,,,,,,,
1452,65102.0,,,,,,,
1453,295.0569763183594,,,,,,,
1454,296.7882995605469,,,,,,,
1455,1664398315.07136,,,,,,,
1456,4.0,,,,,,,
1457,565150.0,,,,,,,
1458,12805.0,,,,,,,
1459,65080.0,,,,,,,
1460,295.2604675292969,,,,,,,
1461,296.59490966796875,,,,,,,
1462,1664398315.076755,,,,,,,
1463,5.0,,,,,,,
1464,565151.0,,,,,,,
1465,13278.0,,,,,,,
1466,65058.0,,,,,,,
1467,294.62091064453125,,,,,,,
1468,296.281494140625,,,,,,,
1469,1664398315.082196,,,,,,,
1470,1.0,,,,,,,
1471,566146.0,,,,,,,
1472,13088.0,,,,,,,
1473,64498.0,,,,,,,
1474,294.9872131347656,,,,,,,
1475,295.01788330078125,,,,,,,
1476,1664398316.047167,,,,,,,
1477,2.0,,,,,,,
1478,566147.0,,,,,,,
1479,13505.0,,,,,,,
1480,64482.0,,,,,,,
1481,295.3360290527344,,,,,,,
1482,295.4402770996094,,,,,,,
1483,1664398316.0550332,,,,,,,
1484,3.0,,,,,,,
1485,566149.0,,,,,,,
1486,12751.0,,,,,,,
1487,65093.0,,,,,,,
1488,295.068603515625,,,,,,,
1489,296.77593994140625,,,,,,,
1490,1664398316.0606909,,,,,,,
1491,4.0,,,,,,,
1492,566150.0,,,,,,,
1493,12805.0,,,,,,,
1494,65072.0,,,,,,,
1495,295.2604675292969,,,,,,,
1496,296.5723876953125,,,,,,,
1497,1664398316.066163,,,,,,,
1498,5.0,,,,,,,
1499,566151.0,,,,,,,
1500,13281.0,,,,,,,
1501,65047.0,,,,,,,
1502,294.63836669921875,,,,,,,
1503,296.266845703125,,,,,,,
1504,1664398316.071647,,,,,,,
1505,1.0,,,,,,,
1506,567146.0,,,,,,,
1507,13085.0,,,,,,,
1508,64496.0,,,,,,,
1509,294.9697570800781,,,,,,,
1510,294.9953308105469,,,,,,,
1511,1664398317.052044,,,,,,,
1512,2.0,,,,,,,
1513,567147.0,,,,,,,
1514,13505.0,,,,,,,
1515,64484.0,,,,,,,
1516,295.3360290527344,,,,,,,
1517,295.44561767578125,,,,,,,
1518,1664398317.0629811,,,,,,,
1519,3.0,,,,,,,
1520,567149.0,,,,,,,
1521,12752.0,,,,,,,
1522,65094.0,,,,,,,
1523,295.07440185546875,,,,,,,
1524,296.7843017578125,,,,,,,
1525,1664398317.0688791,,,,,,,
1526,4.0,,,,,,,
1527,567150.0,,,,,,,
1528,12806.0,,,,,,,
1529,65070.0,,,,,,,
1530,295.2662658691406,,,,,,,
1531,296.5724792480469,,,,,,,
1532,1664398317.074545,,,,,,,
1533,5.0,,,,,,,
1534,567151.0,,,,,,,
1535,13280.0,,,,,,,
1536,65046.0,,,,,,,
1537,294.6325378417969,,,,,,,
1538,296.2582092285156,,,,,,,
1539,1664398317.080236,,,,,,,
1540,1.0,,,,,,,
1541,568146.0,,,,,,,
1542,13088.0,,,,,,,
1543,64498.0,,,,,,,
1544,294.9872131347656,,,,,,,
1545,295.01788330078125,,,,,,,
1546,1664398318.057119,,,,,,,
1547,2.0,,,,,,,
1548,568147.0,,,,,,,
1549,13504.0,,,,,,,
1550,64481.0,,,,,,,
1551,295.3302307128906,,,,,,,
1552,295.4317932128906,,,,,,,
1553,1664398318.06623,,,,,,,
1554,3.0,,,,,,,
1555,568149.0,,,,,,,
1556,12749.0,,,,,,,
1557,65109.0,,,,,,,
1558,295.0569763183594,,,,,,,
1559,296.80682373046875,,,,,,,
1560,1664398318.072203,,,,,,,
1561,4.0,,,,,,,
1562,568150.0,,,,,,,
1563,12808.0,,,,,,,
1564,65092.0,,,,,,,
1565,295.27789306640625,,,,,,,
1566,296.6458740234375,,,,,,,
1567,1664398318.077913,,,,,,,
1568,5.0,,,,,,,
1569,568151.0,,,,,,,
1570,13281.0,,,,,,,
1571,65064.0,,,,,,,
1572,294.63836669921875,,,,,,,
1573,296.3160705566406,,,,,,,
1574,1664398318.083578,,,,,,,
1575,1.0,,,,,,,
1576,569146.0,,,,,,,
1577,13085.0,,,,,,,
1578,64496.0,,,,,,,
1579,294.9697570800781,,,,,,,
1580,294.9953308105469,,,,,,,
1581,1664398319.0474381,,,,,,,
1582,2.0,,,,,,,
1583,569147.0,,,,,,,
1584,13504.0,,,,,,,
1585,64485.0,,,,,,,
1586,295.3302307128906,,,,,,,
1587,295.4424743652344,,,,,,,
1588,1664398319.057555,,,,,,,
1589,3.0,,,,,,,
1590,569149.0,,,,,,,
1591,12751.0,,,,,,,
1592,65107.0,,,,,,,
1593,295.068603515625,,,,,,,
1594,296.81298828125,,,,,,,
1595,1664398319.063689,,,,,,,
1596,4.0,,,,,,,
1597,569150.0,,,,,,,
1598,12806.0,,,,,,,
1599,65087.0,,,,,,,
1600,295.2662658691406,,,,,,,
1601,296.6203308105469,,,,,,,
1602,1664398319.069571,,,,,,,
1603,5.0,,,,,,,
1604,569151.0,,,,,,,
1605,13282.0,,,,,,,
1606,65068.0,,,,,,,
1607,294.6441650390625,,,,,,,
1608,296.3333435058594,,,,,,,
1609,1664398319.07549,,,,,,,
1610,1.0,,,,,,,
1611,570146.0,,,,,,,
1612,13087.0,,,,,,,
1613,64493.0,,,,,,,
1614,294.98138427734375,,,,,,,
1615,294.9992980957031,,,,,,,
1616,1664398320.051983,,,,,,,
1617,2.0,,,,,,,
1618,570147.0,,,,,,,
1619,13505.0,,,,,,,
1620,64484.0,,,,,,,
1621,295.3360290527344,,,,,,,
1622,295.44561767578125,,,,,,,
1623,1664398320.060627,,,,,,,
1624,3.0,,,,,,,
1625,570149.0,,,,,,,
1626,12747.0,,,,,,,
1627,65107.0,,,,,,,
1628,295.04534912109375,,,,,,,
1629,296.79010009765625,,,,,,,
1630,1664398320.0667489,,,,,,,
1631,4.0,,,,,,,
1632,570150.0,,,,,,,
1633,12807.0,,,,,,,
1634,65089.0,,,,,,,
1635,295.2720947265625,,,,,,,
1636,296.6317138671875,,,,,,,
1637,1664398320.072756,,,,,,,
1638,5.0,,,,,,,
1639,570152.0,,,,,,,
1640,13280.0,,,,,,,
1641,65073.0,,,,,,,
1642,294.6325378417969,,,,,,,
1643,296.33636474609375,,,,,,,
1644,1664398320.0787551,,,,,,,
1645,1.0,,,,,,,
1646,571146.0,,,,,,,
1647,13088.0,,,,,,,
1648,64488.0,,,,,,,
1649,294.9872131347656,,,,,,,
1650,294.99237060546875,,,,,,,
1651,1664398321.056597,,,,,,,
1652,2.0,,,,,,,
1653,571147.0,,,,,,,
1654,13503.0,,,,,,,
1655,64481.0,,,,,,,
1656,295.32440185546875,,,,,,,
1657,295.42596435546875,,,,,,,
1658,1664398321.0630221,,,,,,,
1659,3.0,,,,,,,
1660,571149.0,,,,,,,
1661,12753.0,,,,,,,
1662,65103.0,,,,,,,
1663,295.0802307128906,,,,,,,
1664,296.8138427734375,,,,,,,
1665,1664398321.069205,,,,,,,
1666,4.0,,,,,,,
1667,571150.0,,,,,,,
1668,12806.0,,,,,,,
1669,65079.0,,,,,,,
1670,295.2662658691406,,,,,,,
1671,296.5978088378906,,,,,,,
1672,1664398321.075267,,,,,,,
1673,5.0,,,,,,,
1674,571151.0,,,,,,,
1675,13282.0,,,,,,,
1676,65063.0,,,,,,,
1677,294.6441650390625,,,,,,,
1678,296.3188781738281,,,,,,,
1679,1664398321.0814211,,,,,,,
1680,1.0,,,,,,,
1681,572146.0,,,,,,,
1682,13083.0,,,,,,,
1683,64494.0,,,,,,,
1684,294.9581298828125,,,,,,,
1685,294.9786071777344,,,,,,,
1686,1664398322.0566301,,,,,,,
1687,2.0,,,,,,,
1688,572147.0,,,,,,,
1689,13502.0,,,,,,,
1690,64484.0,,,,,,,
1691,295.318603515625,,,,,,,
1692,295.4281921386719,,,,,,,
1693,1664398322.0661,,,,,,,
1694,3.0,,,,,,,
1695,572149.0,,,,,,,
1696,12752.0,,,,,,,
1697,65100.0,,,,,,,
1698,295.07440185546875,,,,,,,
1699,296.8001708984375,,,,,,,
1700,1664398322.072438,,,,,,,
1701,4.0,,,,,,,
1702,572150.0,,,,,,,
1703,12804.0,,,,,,,
1704,65084.0,,,,,,,
1705,295.254638671875,,,,,,,
1706,296.60040283203125,,,,,,,
1707,1664398322.0786738,,,,,,,
1708,5.0,,,,,,,
1709,572151.0,,,,,,,
1710,13284.0,,,,,,,
1711,65069.0,,,,,,,
1712,294.65582275390625,,,,,,,
1713,296.34771728515625,,,,,,,
1714,1664398322.084857,,,,,,,
1715,1.0,,,,,,,
1716,573146.0,,,,,,,
1717,13086.0,,,,,,,
1718,64497.0,,,,,,,
1719,294.9755859375,,,,,,,
1720,295.0036926269531,,,,,,,
1721,1664398323.0525599,,,,,,,
1722,2.0,,,,,,,
1723,573147.0,,,,,,,
1724,13504.0,,,,,,,
1725,64482.0,,,,,,,
1726,295.3302307128906,,,,,,,
1727,295.4344787597656,,,,,,,
1728,1664398323.062969,,,,,,,
1729,3.0,,,,,,,
1730,573149.0,,,,,,,
1731,12751.0,,,,,,,
1732,65111.0,,,,,,,
1733,295.068603515625,,,,,,,
1734,296.8235778808594,,,,,,,
1735,1664398323.0696099,,,,,,,
1736,4.0,,,,,,,
1737,573150.0,,,,,,,
1738,12806.0,,,,,,,
1739,65096.0,,,,,,,
1740,295.2662658691406,,,,,,,
1741,296.6456604003906,,,,,,,
1742,1664398323.075928,,,,,,,
1743,5.0,,,,,,,
1744,573151.0,,,,,,,
1745,13285.0,,,,,,,
1746,65079.0,,,,,,,
1747,294.66162109375,,,,,,,
1748,296.3823547363281,,,,,,,
1749,1664398323.0823512,,,,,,,
1750,1.0,,,,,,,
1751,574146.0,,,,,,,
1752,13085.0,,,,,,,
1753,64492.0,,,,,,,
1754,294.9697570800781,,,,,,,
1755,294.985107421875,,,,,,,
1756,1664398324.057556,,,,,,,
1757,2.0,,,,,,,
1758,574147.0,,,,,,,
1759,13504.0,,,,,,,
1760,64483.0,,,,,,,
1761,295.3302307128906,,,,,,,
1762,295.4371337890625,,,,,,,
1763,1664398324.076575,,,,,,,
1764,3.0,,,,,,,
1765,574149.0,,,,,,,
1766,12753.0,,,,,,,
1767,65103.0,,,,,,,
1768,295.0802307128906,,,,,,,
1769,296.8138427734375,,,,,,,
1770,1664398324.088474,,,,,,,
1771,4.0,,,,,,,
1772,574150.0,,,,,,,
1773,12809.0,,,,,,,
1774,65085.0,,,,,,,
1775,295.2837219238281,,,,,,,
1776,296.6319274902344,,,,,,,
1777,1664398324.098119,,,,,,,
1778,5.0,,,,,,,
1779,574151.0,,,,,,,
1780,13284.0,,,,,,,
1781,65064.0,,,,,,,
1782,294.65582275390625,,,,,,,
1783,296.333251953125,,,,,,,
1784,1664398324.106986,,,,,,,
1785,1.0,,,,,,,
1786,575146.0,,,,,,,
1787,13086.0,,,,,,,
1788,64492.0,,,,,,,
1789,294.9755859375,,,,,,,
1790,294.9909362792969,,,,,,,
1791,1664398325.0625448,,,,,,,
1792,2.0,,,,,,,
1793,575147.0,,,,,,,
1794,13503.0,,,,,,,
1795,64482.0,,,,,,,
1796,295.32440185546875,,,,,,,
1797,295.42864990234375,,,,,,,
1798,1664398325.08268,,,,,,,
1799,3.0,,,,,,,
1800,575149.0,,,,,,,
1801,12752.0,,,,,,,
1802,65110.0,,,,,,,
1803,295.07440185546875,,,,,,,
1804,296.8266296386719,,,,,,,
1805,1664398325.094579,,,,,,,
1806,4.0,,,,,,,
1807,575150.0,,,,,,,
1808,12809.0,,,,,,,
1809,65094.0,,,,,,,
1810,295.2837219238281,,,,,,,
1811,296.6572570800781,,,,,,,
1812,1664398325.104325,,,,,,,
1813,5.0,,,,,,,
1814,575151.0,,,,,,,
1815,13284.0,,,,,,,
1816,65075.0,,,,,,,
1817,294.65582275390625,,,,,,,
1818,296.3650817871094,,,,,,,
1819,1664398325.11317,,,,,,,
1820,1.0,,,,,,,
1821,576146.0,,,,,,,
1822,13086.0,,,,,,,
1823,64489.0,,,,,,,
1824,294.9755859375,,,,,,,
1825,294.9832763671875,,,,,,,
1826,1664398326.052483,,,,,,,
1827,2.0,,,,,,,
1828,576147.0,,,,,,,
1829,13507.0,,,,,,,
1830,64481.0,,,,,,,
1831,295.34765625,,,,,,,
1832,295.44921875,,,,,,,
1833,1664398326.068813,,,,,,,
1834,3.0,,,,,,,
1835,576149.0,,,,,,,
1836,12754.0,,,,,,,
1837,65101.0,,,,,,,
1838,295.0860290527344,,,,,,,
1839,296.8142395019531,,,,,,,
1840,1664398326.079433,,,,,,,
1841,4.0,,,,,,,
1842,576150.0,,,,,,,
1843,12807.0,,,,,,,
1844,65082.0,,,,,,,
1845,295.2720947265625,,,,,,,
1846,296.6120300292969,,,,,,,
1847,1664398326.088989,,,,,,,
1848,5.0,,,,,,,
1849,576152.0,,,,,,,
1850,13287.0,,,,,,,
1851,65057.0,,,,,,,
1852,294.6732482910156,,,,,,,
1853,296.33013916015625,,,,,,,
1854,1664398326.097373,,,,,,,
1855,1.0,,,,,,,
1856,577146.0,,,,,,,
1857,13088.0,,,,,,,
1858,64488.0,,,,,,,
1859,294.9872131347656,,,,,,,
1860,294.99237060546875,,,,,,,
1861,1664398327.057003,,,,,,,
1862,2.0,,,,,,,
1863,577147.0,,,,,,,
1864,13501.0,,,,,,,
1865,64480.0,,,,,,,
1866,295.3127746582031,,,,,,,
1867,295.41168212890625,,,,,,,
1868,1664398327.064379,,,,,,,
1869,3.0,,,,,,,
1870,577149.0,,,,,,,
1871,12753.0,,,,,,,
1872,65112.0,,,,,,,
1873,295.0802307128906,,,,,,,
1874,296.837646484375,,,,,,,
1875,1664398327.071428,,,,,,,
1876,4.0,,,,,,,
1877,577150.0,,,,,,,
1878,12809.0,,,,,,,
1879,65085.0,,,,,,,
1880,295.2837219238281,,,,,,,
1881,296.6319274902344,,,,,,,
1882,1664398327.078413,,,,,,,
1883,5.0,,,,,,,
1884,577152.0,,,,,,,
1885,13288.0,,,,,,,
1886,65054.0,,,,,,,
1887,294.6790771484375,,,,,,,
1888,296.32720947265625,,,,,,,
1889,1664398327.085512,,,,,,,
1890,1.0,,,,,,,
1891,578146.0,,,,,,,
1892,13087.0,,,,,,,
1893,64491.0,,,,,,,
1894,294.98138427734375,,,,,,,
1895,294.9941711425781,,,,,,,
1896,1664398328.06215,,,,,,,
1897,2.0,,,,,,,
1898,578147.0,,,,,,,
1899,13502.0,,,,,,,
1900,64479.0,,,,,,,
1901,295.318603515625,,,,,,,
1902,295.41485595703125,,,,,,,
1903,1664398328.0713348,,,,,,,
1904,3.0,,,,,,,
1905,578149.0,,,,,,,
1906,12751.0,,,,,,,
1907,65120.0,,,,,,,
1908,295.068603515625,,,,,,,
1909,296.84735107421875,,,,,,,
1910,1664398328.07833,,,,,,,
1911,4.0,,,,,,,
1912,578150.0,,,,,,,
1913,12809.0,,,,,,,
1914,65102.0,,,,,,,
1915,295.2837219238281,,,,,,,
1916,296.6797790527344,,,,,,,
1917,1664398328.085276,,,,,,,
1918,5.0,,,,,,,
1919,578152.0,,,,,,,
1920,13283.0,,,,,,,
1921,65080.0,,,,,,,
1922,294.6499938964844,,,,,,,
1923,296.3738098144531,,,,,,,
1924,1664398328.0922198,,,,,,,
1925,1.0,,,,,,,
1926,579146.0,,,,,,,
1927,13085.0,,,,,,,
1928,64490.0,,,,,,,
1929,294.9697570800781,,,,,,,
1930,294.9800109863281,,,,,,,
1931,1664398329.052279,,,,,,,
1932,2.0,,,,,,,
1933,579147.0,,,,,,,
1934,13503.0,,,,,,,
1935,64479.0,,,,,,,
1936,295.32440185546875,,,,,,,
1937,295.420654296875,,,,,,,
1938,1664398329.059917,,,,,,,
1939,3.0,,,,,,,
1940,579149.0,,,,,,,
1941,12752.0,,,,,,,
1942,65106.0,,,,,,,
1943,295.07440185546875,,,,,,,
1944,296.8160400390625,,,,,,,
1945,1664398329.067412,,,,,,,
1946,4.0,,,,,,,
1947,579150.0,,,,,,,
1948,12810.0,,,,,,,
1949,65083.0,,,,,,,
1950,295.2895202636719,,,,,,,
1951,296.6320495605469,,,,,,,
1952,1664398329.0749528,,,,,,,
1953,5.0,,,,,,,
1954,579152.0,,,,,,,
1955,13285.0,,,,,,,
1956,65062.0,,,,,,,
1957,294.66162109375,,,,,,,
1958,296.3331604003906,,,,,,,
1959,1664398329.0823731,,,,,,,
1960,1.0,,,,,,,
1961,580146.0,,,,,,,
1962,13085.0,,,,,,,
1963,64491.0,,,,,,,
1964,294.9697570800781,,,,,,,
1965,294.9825439453125,,,,,,,
1966,1664398330.0573702,,,,,,,
1967,2.0,,,,,,,
1968,580147.0,,,,,,,
1969,13500.0,,,,,,,
1970,64481.0,,,,,,,
1971,295.3069763183594,,,,,,,
1972,295.4085693359375,,,,,,,
1973,1664398330.064906,,,,,,,
1974,3.0,,,,,,,
1975,580149.0,,,,,,,
1976,12754.0,,,,,,,
1977,65112.0,,,,,,,
1978,295.0860290527344,,,,,,,
1979,296.8433532714844,,,,,,,
1980,1664398330.0724218,,,,,,,
1981,4.0,,,,,,,
1982,580150.0,,,,,,,
1983,12810.0,,,,,,,
1984,65097.0,,,,,,,
1985,295.2895202636719,,,,,,,
1986,296.6714172363281,,,,,,,
1987,1664398330.079675,,,,,,,
1988,5.0,,,,,,,
1989,580151.0,,,,,,,
1990,13287.0,,,,,,,
1991,65087.0,,,,,,,
1992,294.6732482910156,,,,,,,
1993,296.41693115234375,,,,,,,
1994,1664398330.086828,,,,,,,
1995,1.0,,,,,,,
1996,581146.0,,,,,,,
1997,13088.0,,,,,,,
1998,64492.0,,,,,,,
1999,294.9872131347656,,,,,,,
2000,295.0025634765625,,,,,,,
2001,1664398331.062452,,,,,,,
2002,2.0,,,,,,,
2003,581147.0,,,,,,,
2004,13504.0,,,,,,,
2005,64480.0,,,,,,,
2006,295.3302307128906,,,,,,,
2007,295.42913818359375,,,,,,,
2008,1664398331.074902,,,,,,,
2009,3.0,,,,,,,
2010,581149.0,,,,,,,
2011,12754.0,,,,,,,
2012,65098.0,,,,,,,
2013,295.0860290527344,,,,,,,
2014,296.8063049316406,,,,,,,
2015,1664398331.085387,,,,,,,
2016,4.0,,,,,,,
2017,581150.0,,,,,,,
2018,12810.0,,,,,,,
2019,65077.0,,,,,,,
2020,295.2895202636719,,,,,,,
2021,296.6151428222656,,,,,,,
2022,1664398331.094775,,,,,,,
2023,5.0,,,,,,,
2024,581151.0,,,,,,,
2025,13284.0,,,,,,,
2026,65056.0,,,,,,,
2027,294.65582275390625,,,,,,,
2028,296.3100891113281,,,,,,,
2029,1664398331.103332,,,,,,,
2030,1.0,,,,,,,
2031,582146.0,,,,,,,
2032,13088.0,,,,,,,
2033,64492.0,,,,,,,
2034,294.9872131347656,,,,,,,
2035,295.0025634765625,,,,,,,
2036,1664398332.05252,,,,,,,
2037,2.0,,,,,,,
2038,582147.0,,,,,,,
2039,13504.0,,,,,,,
2040,64481.0,,,,,,,
2041,295.3302307128906,,,,,,,
2042,295.4317932128906,,,,,,,
2043,1664398332.0656981,,,,,,,
2044,3.0,,,,,,,
2045,582149.0,,,,,,,
2046,12753.0,,,,,,,
2047,65098.0,,,,,,,
2048,295.0802307128906,,,,,,,
2049,296.80059814453125,,,,,,,
2050,1664398332.076479,,,,,,,
2051,4.0,,,,,,,
2052,582150.0,,,,,,,
2053,12808.0,,,,,,,
2054,65077.0,,,,,,,
2055,295.27789306640625,,,,,,,
2056,296.6036682128906,,,,,,,
2057,1664398332.085966,,,,,,,
2058,5.0,,,,,,,
2059,582151.0,,,,,,,
2060,13285.0,,,,,,,
2061,65048.0,,,,,,,
2062,294.66162109375,,,,,,,
2063,296.2926330566406,,,,,,,
2064,1664398332.094662,,,,,,,
2065,1.0,,,,,,,
2066,583146.0,,,,,,,
2067,13088.0,,,,,,,
2068,64499.0,,,,,,,
2069,294.9872131347656,,,,,,,
2070,295.02044677734375,,,,,,,
2071,1664398333.057535,,,,,,,
2072,2.0,,,,,,,
2073,583147.0,,,,,,,
2074,13503.0,,,,,,,
2075,64481.0,,,,,,,
2076,295.32440185546875,,,,,,,
2077,295.42596435546875,,,,,,,
2078,1664398333.065275,,,,,,,
2079,3.0,,,,,,,
2080,583149.0,,,,,,,
2081,12753.0,,,,,,,
2082,65092.0,,,,,,,
2083,295.0802307128906,,,,,,,
2084,296.78472900390625,,,,,,,
2085,1664398333.073003,,,,,,,
2086,4.0,,,,,,,
2087,583150.0,,,,,,,
2088,12808.0,,,,,,,
2089,65078.0,,,,,,,
2090,295.27789306640625,,,,,,,
2091,296.6064758300781,,,,,,,
2092,1664398333.081098,,,,,,,
2093,5.0,,,,,,,
2094,583151.0,,,,,,,
2095,13284.0,,,,,,,
2096,65060.0,,,,,,,
2097,294.65582275390625,,,,,,,
2098,296.3216857910156,,,,,,,
2099,1664398333.0891361,,,,,,,
2100,1.0,,,,,,,
2101,584146.0,,,,,,,
2102,13087.0,,,,,,,
2103,64498.0,,,,,,,
2104,294.98138427734375,,,,,,,
2105,295.0120544433594,,,,,,,
2106,1664398334.062459,,,,,,,
2107,2.0,,,,,,,
2108,584147.0,,,,,,,
2109,13503.0,,,,,,,
2110,64485.0,,,,,,,
2111,295.32440185546875,,,,,,,
2112,295.4366760253906,,,,,,,
2113,1664398334.070875,,,,,,,
2114,3.0,,,,,,,
2115,584149.0,,,,,,,
2116,12752.0,,,,,,,
2117,65121.0,,,,,,,
2118,295.07440185546875,,,,,,,
2119,296.855712890625,,,,,,,
2120,1664398334.078609,,,,,,,
2121,4.0,,,,,,,
2122,584150.0,,,,,,,
2123,12809.0,,,,,,,
2124,65101.0,,,,,,,
2125,295.2837219238281,,,,,,,
2126,296.67694091796875,,,,,,,
2127,1664398334.086645,,,,,,,
2128,5.0,,,,,,,
2129,584151.0,,,,,,,
2130,13284.0,,,,,,,
2131,65072.0,,,,,,,
2132,294.65582275390625,,,,,,,
2133,296.35638427734375,,,,,,,
2134,1664398334.094965,,,,,,,
2135,1.0,,,,,,,
2136,585146.0,,,,,,,
2137,13087.0,,,,,,,
2138,64494.0,,,,,,,
2139,294.98138427734375,,,,,,,
2140,295.0018310546875,,,,,,,
2141,1664398335.052636,,,,,,,
2142,2.0,,,,,,,
2143,585147.0,,,,,,,
2144,13501.0,,,,,,,
2145,64484.0,,,,,,,
2146,295.3127746582031,,,,,,,
2147,295.42236328125,,,,,,,
2148,1664398335.061198,,,,,,,
2149,3.0,,,,,,,
2150,585149.0,,,,,,,
2151,12755.0,,,,,,,
2152,65100.0,,,,,,,
2153,295.09185791015625,,,,,,,
2154,296.8173522949219,,,,,,,
2155,1664398335.069313,,,,,,,
2156,4.0,,,,,,,
2157,585150.0,,,,,,,
2158,12810.0,,,,,,,
2159,65074.0,,,,,,,
2160,295.2895202636719,,,,,,,
2161,296.6067199707031,,,,,,,
2162,1664398335.07743,,,,,,,
2163,5.0,,,,,,,
2164,585151.0,,,,,,,
2165,13283.0,,,,,,,
2166,65050.0,,,,,,,
2167,294.6499938964844,,,,,,,
2168,296.2869873046875,,,,,,,
2169,1664398335.085526,,,,,,,
2170,1.0,,,,,,,
2171,586146.0,,,,,,,
2172,13089.0,,,,,,,
2173,64496.0,,,,,,,
2174,294.9930114746094,,,,,,,
2175,295.0185852050781,,,,,,,
2176,1664398336.072706,,,,,,,
2177,2.0,,,,,,,
2178,586147.0,,,,,,,
2179,13503.0,,,,,,,
2180,64484.0,,,,,,,
2181,295.32440185546875,,,,,,,
2182,295.4339904785156,,,,,,,
2183,1664398336.0809212,,,,,,,
2184,3.0,,,,,,,
2185,586149.0,,,,,,,
2186,12756.0,,,,,,,
2187,65118.0,,,,,,,
2188,295.09765625,,,,,,,
2189,296.8706359863281,,,,,,,
2190,1664398336.08914,,,,,,,
2191,4.0,,,,,,,
2192,586150.0,,,,,,,
2193,12809.0,,,,,,,
2194,65095.0,,,,,,,
2195,295.2837219238281,,,,,,,
2196,296.66009521484375,,,,,,,
2197,1664398336.0970938,,,,,,,
2198,5.0,,,,,,,
2199,586151.0,,,,,,,
2200,13282.0,,,,,,,
2201,65065.0,,,,,,,
2202,294.6441650390625,,,,,,,
2203,296.3246765136719,,,,,,,
2204,1664398336.105128,,,,,,,
